ISO-10303-21;
HEADER;
FILE_DESCRIPTION(('FreeCAD Model'),'2;1');
FILE_NAME('Open CASCADE Shape Model','2026-09-26T21:25:56',(''),(''),
  'Open CASCADE STEP processor 7.8','FreeCAD','Unknown');
FILE_SCHEMA(('AUTOMOTIVE_DESIGN { 1 0 10303 214 1 1 1 1 }'));
ENDSEC;
DATA;
#1 = APPLICATION_PROTOCOL_DEFINITION('international standard',
  'automotive_design',2000,#2);
#2 = APPLICATION_CONTEXT(
  'core data for automotive mechanical design processes');
#3 = SHAPE_DEFINITION_REPRESENTATION(#4,#10);
#4 = PRODUCT_DEFINITION_SHAPE('','',#5);
#5 = PRODUCT_DEFINITION('design','',#6,#9);
#6 = PRODUCT_DEFINITION_FORMATION('','',#7);
#7 = PRODUCT('Pocket003','Pocket003','',(#8));
#8 = PRODUCT_CONTEXT('',#2,'mechanical');
#9 = PRODUCT_DEFINITION_CONTEXT('part definition',#2,'design');
#10 = ADVANCED_BREP_SHAPE_REPRESENTATION('',(#11,#15),#2747);
#11 = AXIS2_PLACEMENT_3D('',#12,#13,#14);
#12 = CARTESIAN_POINT('',(0.,0.,0.));
#13 = DIRECTION('',(0.,0.,1.));
#14 = DIRECTION('',(1.,0.,-0.));
#15 = MANIFOLD_SOLID_BREP('',#16);
#16 = CLOSED_SHELL('',(#17,#57,#88,#221,#246,#295,#330,#347,#378,#434,
    #522,#545,#569,#586,#617,#629,#660,#717,#741,#791,#808,#825,#856,
    #873,#890,#908,#941,#1046,#1058,#1303,#1327,#1351,#1368,#1385,#1410,
    #1434,#1459,#1508,#1525,#1537,#1554,#1579,#1597,#1642,#1653,#1670,
    #1701,#1725,#1749,#1766,#1783,#1808,#1832,#1856,#1880,#1898,#1910,
    #1941,#1965,#2012,#2036,#2060,#2077,#2094,#2125,#2149,#2173,#2213,
    #2237,#2261,#2278,#2325,#2349,#2389,#2406,#2423,#2448,#2472,#2496,
    #2513,#2524,#2539,#2556,#2573,#2585,#2597,#2609,#2621,#2638,#2655,
    #2667,#2694,#2711,#2723,#2735));
#17 = ADVANCED_FACE('',(#18),#52,.F.);
#18 = FACE_BOUND('',#19,.F.);
#19 = EDGE_LOOP('',(#20,#30,#38,#46));
#20 = ORIENTED_EDGE('',*,*,#21,.T.);
#21 = EDGE_CURVE('',#22,#24,#26,.T.);
#22 = VERTEX_POINT('',#23);
#23 = CARTESIAN_POINT('',(-37.,20.,30.));
#24 = VERTEX_POINT('',#25);
#25 = CARTESIAN_POINT('',(-37.,20.,0.));
#26 = LINE('',#27,#28);
#27 = CARTESIAN_POINT('',(-37.,20.,30.));
#28 = VECTOR('',#29,1.);
#29 = DIRECTION('',(0.,0.,-1.));
#30 = ORIENTED_EDGE('',*,*,#31,.F.);
#31 = EDGE_CURVE('',#32,#24,#34,.T.);
#32 = VERTEX_POINT('',#33);
#33 = CARTESIAN_POINT('',(-37.,100.,0.));
#34 = LINE('',#35,#36);
#35 = CARTESIAN_POINT('',(-37.,100.,0.));
#36 = VECTOR('',#37,1.);
#37 = DIRECTION('',(0.,-1.,0.));
#38 = ORIENTED_EDGE('',*,*,#39,.T.);
#39 = EDGE_CURVE('',#32,#40,#42,.T.);
#40 = VERTEX_POINT('',#41);
#41 = CARTESIAN_POINT('',(-37.,100.,30.));
#42 = LINE('',#43,#44);
#43 = CARTESIAN_POINT('',(-37.,100.,0.));
#44 = VECTOR('',#45,1.);
#45 = DIRECTION('',(0.,0.,1.));
#46 = ORIENTED_EDGE('',*,*,#47,.T.);
#47 = EDGE_CURVE('',#40,#22,#48,.T.);
#48 = LINE('',#49,#50);
#49 = CARTESIAN_POINT('',(-37.,100.,30.));
#50 = VECTOR('',#51,1.);
#51 = DIRECTION('',(0.,-1.,0.));
#52 = PLANE('',#53);
#53 = AXIS2_PLACEMENT_3D('',#54,#55,#56);
#54 = CARTESIAN_POINT('',(-37.,100.,0.));
#55 = DIRECTION('',(1.,0.,0.));
#56 = DIRECTION('',(0.,-1.,0.));
#57 = ADVANCED_FACE('',(#58),#83,.F.);
#58 = FACE_BOUND('',#59,.F.);
#59 = EDGE_LOOP('',(#60,#68,#76,#82));
#60 = ORIENTED_EDGE('',*,*,#61,.T.);
#61 = EDGE_CURVE('',#22,#62,#64,.T.);
#62 = VERTEX_POINT('',#63);
#63 = CARTESIAN_POINT('',(-67.,20.,30.));
#64 = LINE('',#65,#66);
#65 = CARTESIAN_POINT('',(-37.,20.,30.));
#66 = VECTOR('',#67,1.);
#67 = DIRECTION('',(-1.,0.,0.));
#68 = ORIENTED_EDGE('',*,*,#69,.T.);
#69 = EDGE_CURVE('',#62,#70,#72,.T.);
#70 = VERTEX_POINT('',#71);
#71 = CARTESIAN_POINT('',(-67.,20.,0.));
#72 = LINE('',#73,#74);
#73 = CARTESIAN_POINT('',(-67.,20.,30.));
#74 = VECTOR('',#75,1.);
#75 = DIRECTION('',(0.,0.,-1.));
#76 = ORIENTED_EDGE('',*,*,#77,.F.);
#77 = EDGE_CURVE('',#24,#70,#78,.T.);
#78 = LINE('',#79,#80);
#79 = CARTESIAN_POINT('',(-37.,20.,0.));
#80 = VECTOR('',#81,1.);
#81 = DIRECTION('',(-1.,0.,0.));
#82 = ORIENTED_EDGE('',*,*,#21,.F.);
#83 = PLANE('',#84);
#84 = AXIS2_PLACEMENT_3D('',#85,#86,#87);
#85 = CARTESIAN_POINT('',(-37.,20.,30.));
#86 = DIRECTION('',(-0.,-1.,-0.));
#87 = DIRECTION('',(0.,0.,-1.));
#88 = ADVANCED_FACE('',(#89,#205),#216,.T.);
#89 = FACE_BOUND('',#90,.T.);
#90 = EDGE_LOOP('',(#91,#101,#109,#117,#125,#133,#141,#149,#157,#164,
    #165,#166,#174,#182,#190,#199));
#91 = ORIENTED_EDGE('',*,*,#92,.T.);
#92 = EDGE_CURVE('',#93,#95,#97,.T.);
#93 = VERTEX_POINT('',#94);
#94 = CARTESIAN_POINT('',(-15.,-102.,30.));
#95 = VERTEX_POINT('',#96);
#96 = CARTESIAN_POINT('',(-15.,-100.,30.));
#97 = LINE('',#98,#99);
#98 = CARTESIAN_POINT('',(-15.,-102.,30.));
#99 = VECTOR('',#100,1.);
#100 = DIRECTION('',(0.,1.,-2.2E-16));
#101 = ORIENTED_EDGE('',*,*,#102,.F.);
#102 = EDGE_CURVE('',#103,#95,#105,.T.);
#103 = VERTEX_POINT('',#104);
#104 = CARTESIAN_POINT('',(-35.,-100.,30.));
#105 = LINE('',#106,#107);
#106 = CARTESIAN_POINT('',(-35.,-100.,30.));
#107 = VECTOR('',#108,1.);
#108 = DIRECTION('',(1.,-2.E-16,0.));
#109 = ORIENTED_EDGE('',*,*,#110,.F.);
#110 = EDGE_CURVE('',#111,#103,#113,.T.);
#111 = VERTEX_POINT('',#112);
#112 = CARTESIAN_POINT('',(-35.,35.,30.));
#113 = LINE('',#114,#115);
#114 = CARTESIAN_POINT('',(-35.,100.,30.));
#115 = VECTOR('',#116,1.);
#116 = DIRECTION('',(0.,-1.,0.));
#117 = ORIENTED_EDGE('',*,*,#118,.F.);
#118 = EDGE_CURVE('',#119,#111,#121,.T.);
#119 = VERTEX_POINT('',#120);
#120 = CARTESIAN_POINT('',(-35.,85.,30.));
#121 = LINE('',#122,#123);
#122 = CARTESIAN_POINT('',(-35.,100.,30.));
#123 = VECTOR('',#124,1.);
#124 = DIRECTION('',(0.,-1.,0.));
#125 = ORIENTED_EDGE('',*,*,#126,.F.);
#126 = EDGE_CURVE('',#127,#119,#129,.T.);
#127 = VERTEX_POINT('',#128);
#128 = CARTESIAN_POINT('',(-35.,100.,30.));
#129 = LINE('',#130,#131);
#130 = CARTESIAN_POINT('',(-35.,100.,30.));
#131 = VECTOR('',#132,1.);
#132 = DIRECTION('',(0.,-1.,0.));
#133 = ORIENTED_EDGE('',*,*,#134,.F.);
#134 = EDGE_CURVE('',#135,#127,#137,.T.);
#135 = VERTEX_POINT('',#136);
#136 = CARTESIAN_POINT('',(-4.999999999999,100.,30.));
#137 = LINE('',#138,#139);
#138 = CARTESIAN_POINT('',(35.,100.,30.));
#139 = VECTOR('',#140,1.);
#140 = DIRECTION('',(-1.,2.E-16,0.));
#141 = ORIENTED_EDGE('',*,*,#142,.T.);
#142 = EDGE_CURVE('',#135,#143,#145,.T.);
#143 = VERTEX_POINT('',#144);
#144 = CARTESIAN_POINT('',(-4.999999999999,102.,30.));
#145 = LINE('',#146,#147);
#146 = CARTESIAN_POINT('',(-4.999999999999,100.,30.));
#147 = VECTOR('',#148,1.);
#148 = DIRECTION('',(0.,1.,-2.2E-16));
#149 = ORIENTED_EDGE('',*,*,#150,.T.);
#150 = EDGE_CURVE('',#143,#151,#153,.T.);
#151 = VERTEX_POINT('',#152);
#152 = CARTESIAN_POINT('',(-35.,102.,30.));
#153 = LINE('',#154,#155);
#154 = CARTESIAN_POINT('',(35.,102.,30.));
#155 = VECTOR('',#156,1.);
#156 = DIRECTION('',(-1.,2.E-16,0.));
#157 = ORIENTED_EDGE('',*,*,#158,.T.);
#158 = EDGE_CURVE('',#151,#40,#159,.T.);
#159 = CIRCLE('',#160,2.);
#160 = AXIS2_PLACEMENT_3D('',#161,#162,#163);
#161 = CARTESIAN_POINT('',(-35.,100.,30.));
#162 = DIRECTION('',(0.,-0.,1.));
#163 = DIRECTION('',(1.,1.1E-16,0.));
#164 = ORIENTED_EDGE('',*,*,#47,.T.);
#165 = ORIENTED_EDGE('',*,*,#61,.T.);
#166 = ORIENTED_EDGE('',*,*,#167,.F.);
#167 = EDGE_CURVE('',#168,#62,#170,.T.);
#168 = VERTEX_POINT('',#169);
#169 = CARTESIAN_POINT('',(-67.,-20.,30.));
#170 = LINE('',#171,#172);
#171 = CARTESIAN_POINT('',(-67.,-20.,30.));
#172 = VECTOR('',#173,1.);
#173 = DIRECTION('',(0.,1.,0.));
#174 = ORIENTED_EDGE('',*,*,#175,.F.);
#175 = EDGE_CURVE('',#176,#168,#178,.T.);
#176 = VERTEX_POINT('',#177);
#177 = CARTESIAN_POINT('',(-37.,-20.,30.));
#178 = LINE('',#179,#180);
#179 = CARTESIAN_POINT('',(-37.,-20.,30.));
#180 = VECTOR('',#181,1.);
#181 = DIRECTION('',(-1.,0.,0.));
#182 = ORIENTED_EDGE('',*,*,#183,.T.);
#183 = EDGE_CURVE('',#176,#184,#186,.T.);
#184 = VERTEX_POINT('',#185);
#185 = CARTESIAN_POINT('',(-37.,-100.,30.));
#186 = LINE('',#187,#188);
#187 = CARTESIAN_POINT('',(-37.,100.,30.));
#188 = VECTOR('',#189,1.);
#189 = DIRECTION('',(0.,-1.,0.));
#190 = ORIENTED_EDGE('',*,*,#191,.T.);
#191 = EDGE_CURVE('',#184,#192,#194,.T.);
#192 = VERTEX_POINT('',#193);
#193 = CARTESIAN_POINT('',(-35.,-102.,30.));
#194 = CIRCLE('',#195,2.);
#195 = AXIS2_PLACEMENT_3D('',#196,#197,#198);
#196 = CARTESIAN_POINT('',(-35.,-100.,30.));
#197 = DIRECTION('',(0.,0.,1.));
#198 = DIRECTION('',(-1.1E-16,1.,0.));
#199 = ORIENTED_EDGE('',*,*,#200,.T.);
#200 = EDGE_CURVE('',#192,#93,#201,.T.);
#201 = LINE('',#202,#203);
#202 = CARTESIAN_POINT('',(-35.,-102.,30.));
#203 = VECTOR('',#204,1.);
#204 = DIRECTION('',(1.,-2.E-16,0.));
#205 = FACE_BOUND('',#206,.T.);
#206 = EDGE_LOOP('',(#207));
#207 = ORIENTED_EDGE('',*,*,#208,.T.);
#208 = EDGE_CURVE('',#209,#209,#211,.T.);
#209 = VERTEX_POINT('',#210);
#210 = CARTESIAN_POINT('',(-39.75,0.,30.));
#211 = CIRCLE('',#212,12.25);
#212 = AXIS2_PLACEMENT_3D('',#213,#214,#215);
#213 = CARTESIAN_POINT('',(-52.,0.,30.));
#214 = DIRECTION('',(0.,0.,-1.));
#215 = DIRECTION('',(1.,0.,0.));
#216 = PLANE('',#217);
#217 = AXIS2_PLACEMENT_3D('',#218,#219,#220);
#218 = CARTESIAN_POINT('',(-37.15310822106,3.542544202508,30.));
#219 = DIRECTION('',(0.,0.,1.));
#220 = DIRECTION('',(1.,0.,0.));
#221 = ADVANCED_FACE('',(#222),#241,.T.);
#222 = FACE_BOUND('',#223,.T.);
#223 = EDGE_LOOP('',(#224,#225,#226,#234));
#224 = ORIENTED_EDGE('',*,*,#39,.T.);
#225 = ORIENTED_EDGE('',*,*,#158,.F.);
#226 = ORIENTED_EDGE('',*,*,#227,.F.);
#227 = EDGE_CURVE('',#228,#151,#230,.T.);
#228 = VERTEX_POINT('',#229);
#229 = CARTESIAN_POINT('',(-35.,102.,0.));
#230 = LINE('',#231,#232);
#231 = CARTESIAN_POINT('',(-35.,102.,0.));
#232 = VECTOR('',#233,1.);
#233 = DIRECTION('',(0.,0.,1.));
#234 = ORIENTED_EDGE('',*,*,#235,.T.);
#235 = EDGE_CURVE('',#228,#32,#236,.T.);
#236 = CIRCLE('',#237,2.);
#237 = AXIS2_PLACEMENT_3D('',#238,#239,#240);
#238 = CARTESIAN_POINT('',(-35.,100.,0.));
#239 = DIRECTION('',(0.,-0.,1.));
#240 = DIRECTION('',(1.,1.1E-16,0.));
#241 = CYLINDRICAL_SURFACE('',#242,2.);
#242 = AXIS2_PLACEMENT_3D('',#243,#244,#245);
#243 = CARTESIAN_POINT('',(-35.,100.,0.));
#244 = DIRECTION('',(0.,0.,1.));
#245 = DIRECTION('',(1.,1.1E-16,0.));
#246 = ADVANCED_FACE('',(#247),#290,.T.);
#247 = FACE_BOUND('',#248,.T.);
#248 = EDGE_LOOP('',(#249,#250,#259,#267,#276,#284));
#249 = ORIENTED_EDGE('',*,*,#31,.F.);
#250 = ORIENTED_EDGE('',*,*,#251,.T.);
#251 = EDGE_CURVE('',#32,#252,#254,.T.);
#252 = VERTEX_POINT('',#253);
#253 = CARTESIAN_POINT('',(-35.,100.,-2.));
#254 = CIRCLE('',#255,2.);
#255 = AXIS2_PLACEMENT_3D('',#256,#257,#258);
#256 = CARTESIAN_POINT('',(-35.,100.,0.));
#257 = DIRECTION('',(0.,-1.,0.));
#258 = DIRECTION('',(-1.1E-16,0.,1.));
#259 = ORIENTED_EDGE('',*,*,#260,.T.);
#260 = EDGE_CURVE('',#252,#261,#263,.T.);
#261 = VERTEX_POINT('',#262);
#262 = CARTESIAN_POINT('',(-35.,-100.,-2.));
#263 = LINE('',#264,#265);
#264 = CARTESIAN_POINT('',(-35.,100.,-2.));
#265 = VECTOR('',#266,1.);
#266 = DIRECTION('',(0.,-1.,0.));
#267 = ORIENTED_EDGE('',*,*,#268,.F.);
#268 = EDGE_CURVE('',#269,#261,#271,.T.);
#269 = VERTEX_POINT('',#270);
#270 = CARTESIAN_POINT('',(-37.,-100.,0.));
#271 = CIRCLE('',#272,2.);
#272 = AXIS2_PLACEMENT_3D('',#273,#274,#275);
#273 = CARTESIAN_POINT('',(-35.,-100.,0.));
#274 = DIRECTION('',(0.,-1.,0.));
#275 = DIRECTION('',(-1.1E-16,0.,1.));
#276 = ORIENTED_EDGE('',*,*,#277,.F.);
#277 = EDGE_CURVE('',#278,#269,#280,.T.);
#278 = VERTEX_POINT('',#279);
#279 = CARTESIAN_POINT('',(-37.,-20.,0.));
#280 = LINE('',#281,#282);
#281 = CARTESIAN_POINT('',(-37.,100.,0.));
#282 = VECTOR('',#283,1.);
#283 = DIRECTION('',(0.,-1.,0.));
#284 = ORIENTED_EDGE('',*,*,#285,.F.);
#285 = EDGE_CURVE('',#24,#278,#286,.T.);
#286 = LINE('',#287,#288);
#287 = CARTESIAN_POINT('',(-37.,100.,0.));
#288 = VECTOR('',#289,1.);
#289 = DIRECTION('',(0.,-1.,0.));
#290 = CYLINDRICAL_SURFACE('',#291,2.);
#291 = AXIS2_PLACEMENT_3D('',#292,#293,#294);
#292 = CARTESIAN_POINT('',(-35.,100.,0.));
#293 = DIRECTION('',(0.,-1.,0.));
#294 = DIRECTION('',(-1.1E-16,0.,1.));
#295 = ADVANCED_FACE('',(#296,#314),#325,.F.);
#296 = FACE_BOUND('',#297,.F.);
#297 = EDGE_LOOP('',(#298,#299,#307,#313));
#298 = ORIENTED_EDGE('',*,*,#77,.T.);
#299 = ORIENTED_EDGE('',*,*,#300,.T.);
#300 = EDGE_CURVE('',#70,#301,#303,.T.);
#301 = VERTEX_POINT('',#302);
#302 = CARTESIAN_POINT('',(-67.,-20.,0.));
#303 = LINE('',#304,#305);
#304 = CARTESIAN_POINT('',(-67.,20.,0.));
#305 = VECTOR('',#306,1.);
#306 = DIRECTION('',(0.,-1.,0.));
#307 = ORIENTED_EDGE('',*,*,#308,.F.);
#308 = EDGE_CURVE('',#278,#301,#309,.T.);
#309 = LINE('',#310,#311);
#310 = CARTESIAN_POINT('',(-37.,-20.,0.));
#311 = VECTOR('',#312,1.);
#312 = DIRECTION('',(-1.,0.,0.));
#313 = ORIENTED_EDGE('',*,*,#285,.F.);
#314 = FACE_BOUND('',#315,.F.);
#315 = EDGE_LOOP('',(#316));
#316 = ORIENTED_EDGE('',*,*,#317,.T.);
#317 = EDGE_CURVE('',#318,#318,#320,.T.);
#318 = VERTEX_POINT('',#319);
#319 = CARTESIAN_POINT('',(-39.75,0.,0.));
#320 = CIRCLE('',#321,12.25);
#321 = AXIS2_PLACEMENT_3D('',#322,#323,#324);
#322 = CARTESIAN_POINT('',(-52.,0.,0.));
#323 = DIRECTION('',(0.,0.,-1.));
#324 = DIRECTION('',(1.,0.,0.));
#325 = PLANE('',#326);
#326 = AXIS2_PLACEMENT_3D('',#327,#328,#329);
#327 = CARTESIAN_POINT('',(-37.,20.,0.));
#328 = DIRECTION('',(0.,0.,1.));
#329 = DIRECTION('',(0.,-1.,0.));
#330 = ADVANCED_FACE('',(#331),#342,.F.);
#331 = FACE_BOUND('',#332,.T.);
#332 = EDGE_LOOP('',(#333,#334,#340,#341));
#333 = ORIENTED_EDGE('',*,*,#300,.T.);
#334 = ORIENTED_EDGE('',*,*,#335,.T.);
#335 = EDGE_CURVE('',#301,#168,#336,.T.);
#336 = LINE('',#337,#338);
#337 = CARTESIAN_POINT('',(-67.,-20.,0.));
#338 = VECTOR('',#339,1.);
#339 = DIRECTION('',(0.,0.,1.));
#340 = ORIENTED_EDGE('',*,*,#167,.T.);
#341 = ORIENTED_EDGE('',*,*,#69,.T.);
#342 = PLANE('',#343);
#343 = AXIS2_PLACEMENT_3D('',#344,#345,#346);
#344 = CARTESIAN_POINT('',(-67.,0.,15.));
#345 = DIRECTION('',(1.,0.,0.));
#346 = DIRECTION('',(0.,0.,1.));
#347 = ADVANCED_FACE('',(#348),#373,.F.);
#348 = FACE_BOUND('',#349,.F.);
#349 = EDGE_LOOP('',(#350,#358,#359,#367));
#350 = ORIENTED_EDGE('',*,*,#351,.F.);
#351 = EDGE_CURVE('',#93,#352,#354,.T.);
#352 = VERTEX_POINT('',#353);
#353 = CARTESIAN_POINT('',(-15.,-102.,26.4));
#354 = LINE('',#355,#356);
#355 = CARTESIAN_POINT('',(-15.,-102.,30.));
#356 = VECTOR('',#357,1.);
#357 = DIRECTION('',(0.,0.,-1.));
#358 = ORIENTED_EDGE('',*,*,#92,.T.);
#359 = ORIENTED_EDGE('',*,*,#360,.F.);
#360 = EDGE_CURVE('',#361,#95,#363,.T.);
#361 = VERTEX_POINT('',#362);
#362 = CARTESIAN_POINT('',(-15.,-100.,26.4));
#363 = LINE('',#364,#365);
#364 = CARTESIAN_POINT('',(-15.,-100.,15.));
#365 = VECTOR('',#366,1.);
#366 = DIRECTION('',(0.,0.,1.));
#367 = ORIENTED_EDGE('',*,*,#368,.F.);
#368 = EDGE_CURVE('',#352,#361,#369,.T.);
#369 = LINE('',#370,#371);
#370 = CARTESIAN_POINT('',(-15.,-102.,26.4));
#371 = VECTOR('',#372,1.);
#372 = DIRECTION('',(0.,1.,-2.2E-16));
#373 = PLANE('',#374);
#374 = AXIS2_PLACEMENT_3D('',#375,#376,#377);
#375 = CARTESIAN_POINT('',(-15.,-102.,30.));
#376 = DIRECTION('',(-1.,0.,0.));
#377 = DIRECTION('',(0.,-2.2E-16,-1.));
#378 = ADVANCED_FACE('',(#379),#429,.F.);
#379 = FACE_BOUND('',#380,.F.);
#380 = EDGE_LOOP('',(#381,#391,#397,#398,#399,#407,#415,#423));
#381 = ORIENTED_EDGE('',*,*,#382,.F.);
#382 = EDGE_CURVE('',#383,#385,#387,.T.);
#383 = VERTEX_POINT('',#384);
#384 = CARTESIAN_POINT('',(-35.,-102.,0.));
#385 = VERTEX_POINT('',#386);
#386 = CARTESIAN_POINT('',(35.,-102.,0.));
#387 = LINE('',#388,#389);
#388 = CARTESIAN_POINT('',(-35.,-102.,0.));
#389 = VECTOR('',#390,1.);
#390 = DIRECTION('',(1.,-2.E-16,0.));
#391 = ORIENTED_EDGE('',*,*,#392,.T.);
#392 = EDGE_CURVE('',#383,#192,#393,.T.);
#393 = LINE('',#394,#395);
#394 = CARTESIAN_POINT('',(-35.,-102.,0.));
#395 = VECTOR('',#396,1.);
#396 = DIRECTION('',(0.,0.,1.));
#397 = ORIENTED_EDGE('',*,*,#200,.T.);
#398 = ORIENTED_EDGE('',*,*,#351,.T.);
#399 = ORIENTED_EDGE('',*,*,#400,.T.);
#400 = EDGE_CURVE('',#352,#401,#403,.T.);
#401 = VERTEX_POINT('',#402);
#402 = CARTESIAN_POINT('',(-2.1E-14,-102.,26.4));
#403 = LINE('',#404,#405);
#404 = CARTESIAN_POINT('',(-15.,-102.,26.4));
#405 = VECTOR('',#406,1.);
#406 = DIRECTION('',(1.,0.,0.));
#407 = ORIENTED_EDGE('',*,*,#408,.F.);
#408 = EDGE_CURVE('',#409,#401,#411,.T.);
#409 = VERTEX_POINT('',#410);
#410 = CARTESIAN_POINT('',(-2.1E-14,-102.,30.));
#411 = LINE('',#412,#413);
#412 = CARTESIAN_POINT('',(-2.1E-14,-102.,30.));
#413 = VECTOR('',#414,1.);
#414 = DIRECTION('',(0.,0.,-1.));
#415 = ORIENTED_EDGE('',*,*,#416,.T.);
#416 = EDGE_CURVE('',#409,#417,#419,.T.);
#417 = VERTEX_POINT('',#418);
#418 = CARTESIAN_POINT('',(35.,-102.,30.));
#419 = LINE('',#420,#421);
#420 = CARTESIAN_POINT('',(-35.,-102.,30.));
#421 = VECTOR('',#422,1.);
#422 = DIRECTION('',(1.,-2.E-16,0.));
#423 = ORIENTED_EDGE('',*,*,#424,.F.);
#424 = EDGE_CURVE('',#385,#417,#425,.T.);
#425 = LINE('',#426,#427);
#426 = CARTESIAN_POINT('',(35.,-102.,0.));
#427 = VECTOR('',#428,1.);
#428 = DIRECTION('',(0.,0.,1.));
#429 = PLANE('',#430);
#430 = AXIS2_PLACEMENT_3D('',#431,#432,#433);
#431 = CARTESIAN_POINT('',(-35.,-102.,0.));
#432 = DIRECTION('',(2.E-16,1.,0.));
#433 = DIRECTION('',(1.,-2.E-16,0.));
#434 = ADVANCED_FACE('',(#435),#517,.T.);
#435 = FACE_BOUND('',#436,.T.);
#436 = EDGE_LOOP('',(#437,#447,#453,#454,#455,#463,#471,#479,#487,#495,
    #503,#511));
#437 = ORIENTED_EDGE('',*,*,#438,.F.);
#438 = EDGE_CURVE('',#439,#441,#443,.T.);
#439 = VERTEX_POINT('',#440);
#440 = CARTESIAN_POINT('',(-35.,-100.,0.));
#441 = VERTEX_POINT('',#442);
#442 = CARTESIAN_POINT('',(-27.5,-100.,0.));
#443 = LINE('',#444,#445);
#444 = CARTESIAN_POINT('',(-35.,-100.,0.));
#445 = VECTOR('',#446,1.);
#446 = DIRECTION('',(1.,-2.E-16,0.));
#447 = ORIENTED_EDGE('',*,*,#448,.T.);
#448 = EDGE_CURVE('',#439,#103,#449,.T.);
#449 = LINE('',#450,#451);
#450 = CARTESIAN_POINT('',(-35.,-100.,0.));
#451 = VECTOR('',#452,1.);
#452 = DIRECTION('',(0.,0.,1.));
#453 = ORIENTED_EDGE('',*,*,#102,.T.);
#454 = ORIENTED_EDGE('',*,*,#360,.F.);
#455 = ORIENTED_EDGE('',*,*,#456,.F.);
#456 = EDGE_CURVE('',#457,#361,#459,.T.);
#457 = VERTEX_POINT('',#458);
#458 = CARTESIAN_POINT('',(-2.1E-14,-100.,26.4));
#459 = LINE('',#460,#461);
#460 = CARTESIAN_POINT('',(-25.,-100.,26.4));
#461 = VECTOR('',#462,1.);
#462 = DIRECTION('',(-1.,2.E-16,0.));
#463 = ORIENTED_EDGE('',*,*,#464,.T.);
#464 = EDGE_CURVE('',#457,#465,#467,.T.);
#465 = VERTEX_POINT('',#466);
#466 = CARTESIAN_POINT('',(-2.1E-14,-100.,30.));
#467 = LINE('',#468,#469);
#468 = CARTESIAN_POINT('',(-2.101E-14,-100.,15.));
#469 = VECTOR('',#470,1.);
#470 = DIRECTION('',(0.,0.,1.));
#471 = ORIENTED_EDGE('',*,*,#472,.T.);
#472 = EDGE_CURVE('',#465,#473,#475,.T.);
#473 = VERTEX_POINT('',#474);
#474 = CARTESIAN_POINT('',(35.,-100.,30.));
#475 = LINE('',#476,#477);
#476 = CARTESIAN_POINT('',(-35.,-100.,30.));
#477 = VECTOR('',#478,1.);
#478 = DIRECTION('',(1.,-2.E-16,0.));
#479 = ORIENTED_EDGE('',*,*,#480,.F.);
#480 = EDGE_CURVE('',#481,#473,#483,.T.);
#481 = VERTEX_POINT('',#482);
#482 = CARTESIAN_POINT('',(35.,-100.,0.));
#483 = LINE('',#484,#485);
#484 = CARTESIAN_POINT('',(35.,-100.,0.));
#485 = VECTOR('',#486,1.);
#486 = DIRECTION('',(0.,0.,1.));
#487 = ORIENTED_EDGE('',*,*,#488,.F.);
#488 = EDGE_CURVE('',#489,#481,#491,.T.);
#489 = VERTEX_POINT('',#490);
#490 = CARTESIAN_POINT('',(27.5,-100.,0.));
#491 = LINE('',#492,#493);
#492 = CARTESIAN_POINT('',(-35.,-100.,0.));
#493 = VECTOR('',#494,1.);
#494 = DIRECTION('',(1.,-2.E-16,0.));
#495 = ORIENTED_EDGE('',*,*,#496,.T.);
#496 = EDGE_CURVE('',#489,#497,#499,.T.);
#497 = VERTEX_POINT('',#498);
#498 = CARTESIAN_POINT('',(27.5,-100.,24.8));
#499 = LINE('',#500,#501);
#500 = CARTESIAN_POINT('',(27.5,-100.,0.));
#501 = VECTOR('',#502,1.);
#502 = DIRECTION('',(0.,0.,1.));
#503 = ORIENTED_EDGE('',*,*,#504,.T.);
#504 = EDGE_CURVE('',#497,#505,#507,.T.);
#505 = VERTEX_POINT('',#506);
#506 = CARTESIAN_POINT('',(-27.5,-100.,24.8));
#507 = LINE('',#508,#509);
#508 = CARTESIAN_POINT('',(27.5,-100.,24.8));
#509 = VECTOR('',#510,1.);
#510 = DIRECTION('',(-1.,0.,0.));
#511 = ORIENTED_EDGE('',*,*,#512,.F.);
#512 = EDGE_CURVE('',#441,#505,#513,.T.);
#513 = LINE('',#514,#515);
#514 = CARTESIAN_POINT('',(-27.5,-100.,0.));
#515 = VECTOR('',#516,1.);
#516 = DIRECTION('',(0.,0.,1.));
#517 = PLANE('',#518);
#518 = AXIS2_PLACEMENT_3D('',#519,#520,#521);
#519 = CARTESIAN_POINT('',(-35.,-100.,0.));
#520 = DIRECTION('',(2.E-16,1.,0.));
#521 = DIRECTION('',(1.,-2.E-16,0.));
#522 = ADVANCED_FACE('',(#523),#540,.T.);
#523 = FACE_BOUND('',#524,.T.);
#524 = EDGE_LOOP('',(#525,#526,#527,#533));
#525 = ORIENTED_EDGE('',*,*,#392,.T.);
#526 = ORIENTED_EDGE('',*,*,#191,.F.);
#527 = ORIENTED_EDGE('',*,*,#528,.F.);
#528 = EDGE_CURVE('',#269,#184,#529,.T.);
#529 = LINE('',#530,#531);
#530 = CARTESIAN_POINT('',(-37.,-100.,0.));
#531 = VECTOR('',#532,1.);
#532 = DIRECTION('',(0.,0.,1.));
#533 = ORIENTED_EDGE('',*,*,#534,.T.);
#534 = EDGE_CURVE('',#269,#383,#535,.T.);
#535 = CIRCLE('',#536,2.);
#536 = AXIS2_PLACEMENT_3D('',#537,#538,#539);
#537 = CARTESIAN_POINT('',(-35.,-100.,0.));
#538 = DIRECTION('',(0.,0.,1.));
#539 = DIRECTION('',(-1.1E-16,1.,0.));
#540 = CYLINDRICAL_SURFACE('',#541,2.);
#541 = AXIS2_PLACEMENT_3D('',#542,#543,#544);
#542 = CARTESIAN_POINT('',(-35.,-100.,0.));
#543 = DIRECTION('',(0.,0.,1.));
#544 = DIRECTION('',(-1.1E-16,1.,0.));
#545 = ADVANCED_FACE('',(#546),#564,.T.);
#546 = FACE_BOUND('',#547,.T.);
#547 = EDGE_LOOP('',(#548,#556,#562,#563));
#548 = ORIENTED_EDGE('',*,*,#549,.F.);
#549 = EDGE_CURVE('',#550,#439,#552,.T.);
#550 = VERTEX_POINT('',#551);
#551 = CARTESIAN_POINT('',(-35.,35.,0.));
#552 = LINE('',#553,#554);
#553 = CARTESIAN_POINT('',(-35.,100.,0.));
#554 = VECTOR('',#555,1.);
#555 = DIRECTION('',(0.,-1.,0.));
#556 = ORIENTED_EDGE('',*,*,#557,.T.);
#557 = EDGE_CURVE('',#550,#111,#558,.T.);
#558 = LINE('',#559,#560);
#559 = CARTESIAN_POINT('',(-35.,35.,0.));
#560 = VECTOR('',#561,1.);
#561 = DIRECTION('',(0.,0.,1.));
#562 = ORIENTED_EDGE('',*,*,#110,.T.);
#563 = ORIENTED_EDGE('',*,*,#448,.F.);
#564 = PLANE('',#565);
#565 = AXIS2_PLACEMENT_3D('',#566,#567,#568);
#566 = CARTESIAN_POINT('',(-35.,100.,0.));
#567 = DIRECTION('',(1.,0.,0.));
#568 = DIRECTION('',(0.,-1.,0.));
#569 = ADVANCED_FACE('',(#570),#581,.F.);
#570 = FACE_BOUND('',#571,.F.);
#571 = EDGE_LOOP('',(#572,#573,#574,#580));
#572 = ORIENTED_EDGE('',*,*,#528,.F.);
#573 = ORIENTED_EDGE('',*,*,#277,.F.);
#574 = ORIENTED_EDGE('',*,*,#575,.T.);
#575 = EDGE_CURVE('',#278,#176,#576,.T.);
#576 = LINE('',#577,#578);
#577 = CARTESIAN_POINT('',(-37.,-20.,0.));
#578 = VECTOR('',#579,1.);
#579 = DIRECTION('',(0.,0.,1.));
#580 = ORIENTED_EDGE('',*,*,#183,.T.);
#581 = PLANE('',#582);
#582 = AXIS2_PLACEMENT_3D('',#583,#584,#585);
#583 = CARTESIAN_POINT('',(-37.,100.,0.));
#584 = DIRECTION('',(1.,0.,0.));
#585 = DIRECTION('',(0.,-1.,0.));
#586 = ADVANCED_FACE('',(#587),#612,.F.);
#587 = FACE_BOUND('',#588,.F.);
#588 = EDGE_LOOP('',(#589,#590,#598,#606));
#589 = ORIENTED_EDGE('',*,*,#118,.F.);
#590 = ORIENTED_EDGE('',*,*,#591,.T.);
#591 = EDGE_CURVE('',#119,#592,#594,.T.);
#592 = VERTEX_POINT('',#593);
#593 = CARTESIAN_POINT('',(-35.,85.,45.));
#594 = LINE('',#595,#596);
#595 = CARTESIAN_POINT('',(-35.,85.,0.));
#596 = VECTOR('',#597,1.);
#597 = DIRECTION('',(0.,0.,1.));
#598 = ORIENTED_EDGE('',*,*,#599,.T.);
#599 = EDGE_CURVE('',#592,#600,#602,.T.);
#600 = VERTEX_POINT('',#601);
#601 = CARTESIAN_POINT('',(-35.,35.,45.));
#602 = LINE('',#603,#604);
#603 = CARTESIAN_POINT('',(-35.,85.,45.));
#604 = VECTOR('',#605,1.);
#605 = DIRECTION('',(0.,-1.,0.));
#606 = ORIENTED_EDGE('',*,*,#607,.F.);
#607 = EDGE_CURVE('',#111,#600,#608,.T.);
#608 = LINE('',#609,#610);
#609 = CARTESIAN_POINT('',(-35.,35.,0.));
#610 = VECTOR('',#611,1.);
#611 = DIRECTION('',(0.,0.,1.));
#612 = PLANE('',#613);
#613 = AXIS2_PLACEMENT_3D('',#614,#615,#616);
#614 = CARTESIAN_POINT('',(-35.,85.,0.));
#615 = DIRECTION('',(1.,0.,0.));
#616 = DIRECTION('',(0.,-1.,0.));
#617 = ADVANCED_FACE('',(#618),#624,.F.);
#618 = FACE_BOUND('',#619,.F.);
#619 = EDGE_LOOP('',(#620,#621,#622,#623));
#620 = ORIENTED_EDGE('',*,*,#308,.T.);
#621 = ORIENTED_EDGE('',*,*,#335,.T.);
#622 = ORIENTED_EDGE('',*,*,#175,.F.);
#623 = ORIENTED_EDGE('',*,*,#575,.F.);
#624 = PLANE('',#625);
#625 = AXIS2_PLACEMENT_3D('',#626,#627,#628);
#626 = CARTESIAN_POINT('',(-37.,-20.,0.));
#627 = DIRECTION('',(0.,1.,0.));
#628 = DIRECTION('',(0.,0.,1.));
#629 = ADVANCED_FACE('',(#630),#655,.T.);
#630 = FACE_BOUND('',#631,.T.);
#631 = EDGE_LOOP('',(#632,#642,#648,#649));
#632 = ORIENTED_EDGE('',*,*,#633,.F.);
#633 = EDGE_CURVE('',#634,#636,#638,.T.);
#634 = VERTEX_POINT('',#635);
#635 = CARTESIAN_POINT('',(-35.,100.,0.));
#636 = VERTEX_POINT('',#637);
#637 = CARTESIAN_POINT('',(-35.,85.,0.));
#638 = LINE('',#639,#640);
#639 = CARTESIAN_POINT('',(-35.,100.,0.));
#640 = VECTOR('',#641,1.);
#641 = DIRECTION('',(0.,-1.,0.));
#642 = ORIENTED_EDGE('',*,*,#643,.T.);
#643 = EDGE_CURVE('',#634,#127,#644,.T.);
#644 = LINE('',#645,#646);
#645 = CARTESIAN_POINT('',(-35.,100.,0.));
#646 = VECTOR('',#647,1.);
#647 = DIRECTION('',(0.,0.,1.));
#648 = ORIENTED_EDGE('',*,*,#126,.T.);
#649 = ORIENTED_EDGE('',*,*,#650,.F.);
#650 = EDGE_CURVE('',#636,#119,#651,.T.);
#651 = LINE('',#652,#653);
#652 = CARTESIAN_POINT('',(-35.,85.,0.));
#653 = VECTOR('',#654,1.);
#654 = DIRECTION('',(0.,0.,1.));
#655 = PLANE('',#656);
#656 = AXIS2_PLACEMENT_3D('',#657,#658,#659);
#657 = CARTESIAN_POINT('',(-35.,100.,0.));
#658 = DIRECTION('',(1.,0.,0.));
#659 = DIRECTION('',(0.,-1.,0.));
#660 = ADVANCED_FACE('',(#661),#712,.T.);
#661 = FACE_BOUND('',#662,.T.);
#662 = EDGE_LOOP('',(#663,#671,#679,#687,#695,#704,#710,#711));
#663 = ORIENTED_EDGE('',*,*,#664,.F.);
#664 = EDGE_CURVE('',#665,#634,#667,.T.);
#665 = VERTEX_POINT('',#666);
#666 = CARTESIAN_POINT('',(35.,100.,0.));
#667 = LINE('',#668,#669);
#668 = CARTESIAN_POINT('',(35.,100.,0.));
#669 = VECTOR('',#670,1.);
#670 = DIRECTION('',(-1.,2.E-16,0.));
#671 = ORIENTED_EDGE('',*,*,#672,.T.);
#672 = EDGE_CURVE('',#665,#673,#675,.T.);
#673 = VERTEX_POINT('',#674);
#674 = CARTESIAN_POINT('',(35.,100.,30.));
#675 = LINE('',#676,#677);
#676 = CARTESIAN_POINT('',(35.,100.,0.));
#677 = VECTOR('',#678,1.);
#678 = DIRECTION('',(0.,0.,1.));
#679 = ORIENTED_EDGE('',*,*,#680,.T.);
#680 = EDGE_CURVE('',#673,#681,#683,.T.);
#681 = VERTEX_POINT('',#682);
#682 = CARTESIAN_POINT('',(4.999999999998,100.,30.));
#683 = LINE('',#684,#685);
#684 = CARTESIAN_POINT('',(35.,100.,30.));
#685 = VECTOR('',#686,1.);
#686 = DIRECTION('',(-1.,2.E-16,0.));
#687 = ORIENTED_EDGE('',*,*,#688,.F.);
#688 = EDGE_CURVE('',#689,#681,#691,.T.);
#689 = VERTEX_POINT('',#690);
#690 = CARTESIAN_POINT('',(4.999999999998,100.,28.000000000001));
#691 = LINE('',#692,#693);
#692 = CARTESIAN_POINT('',(4.999999999998,100.,28.000000000001));
#693 = VECTOR('',#694,1.);
#694 = DIRECTION('',(0.,0.,1.));
#695 = ORIENTED_EDGE('',*,*,#696,.F.);
#696 = EDGE_CURVE('',#697,#689,#699,.T.);
#697 = VERTEX_POINT('',#698);
#698 = CARTESIAN_POINT('',(-4.999999999999,100.,28.000000000001));
#699 = CIRCLE('',#700,4.999999999999);
#700 = AXIS2_PLACEMENT_3D('',#701,#702,#703);
#701 = CARTESIAN_POINT('',(-5.884E-13,100.,28.));
#702 = DIRECTION('',(0.,-1.,0.));
#703 = DIRECTION('',(1.,0.,0.));
#704 = ORIENTED_EDGE('',*,*,#705,.F.);
#705 = EDGE_CURVE('',#135,#697,#706,.T.);
#706 = LINE('',#707,#708);
#707 = CARTESIAN_POINT('',(-4.999999999999,100.,30.));
#708 = VECTOR('',#709,1.);
#709 = DIRECTION('',(0.,0.,-1.));
#710 = ORIENTED_EDGE('',*,*,#134,.T.);
#711 = ORIENTED_EDGE('',*,*,#643,.F.);
#712 = PLANE('',#713);
#713 = AXIS2_PLACEMENT_3D('',#714,#715,#716);
#714 = CARTESIAN_POINT('',(35.,100.,0.));
#715 = DIRECTION('',(-2.E-16,-1.,0.));
#716 = DIRECTION('',(-1.,2.E-16,0.));
#717 = ADVANCED_FACE('',(#718),#736,.F.);
#718 = FACE_BOUND('',#719,.F.);
#719 = EDGE_LOOP('',(#720,#721,#722,#730));
#720 = ORIENTED_EDGE('',*,*,#705,.F.);
#721 = ORIENTED_EDGE('',*,*,#142,.T.);
#722 = ORIENTED_EDGE('',*,*,#723,.T.);
#723 = EDGE_CURVE('',#143,#724,#726,.T.);
#724 = VERTEX_POINT('',#725);
#725 = CARTESIAN_POINT('',(-4.999999999999,102.,28.000000000001));
#726 = LINE('',#727,#728);
#727 = CARTESIAN_POINT('',(-4.999999999999,102.,15.));
#728 = VECTOR('',#729,1.);
#729 = DIRECTION('',(0.,0.,-1.));
#730 = ORIENTED_EDGE('',*,*,#731,.F.);
#731 = EDGE_CURVE('',#697,#724,#732,.T.);
#732 = LINE('',#733,#734);
#733 = CARTESIAN_POINT('',(-4.999999999999,100.,28.000000000001));
#734 = VECTOR('',#735,1.);
#735 = DIRECTION('',(0.,1.,-2.2E-16));
#736 = PLANE('',#737);
#737 = AXIS2_PLACEMENT_3D('',#738,#739,#740);
#738 = CARTESIAN_POINT('',(-4.999999999999,100.,30.));
#739 = DIRECTION('',(-1.,0.,0.));
#740 = DIRECTION('',(0.,-2.2E-16,-1.));
#741 = ADVANCED_FACE('',(#742),#786,.F.);
#742 = FACE_BOUND('',#743,.F.);
#743 = EDGE_LOOP('',(#744,#745,#753,#761,#769,#777,#784,#785));
#744 = ORIENTED_EDGE('',*,*,#227,.F.);
#745 = ORIENTED_EDGE('',*,*,#746,.F.);
#746 = EDGE_CURVE('',#747,#228,#749,.T.);
#747 = VERTEX_POINT('',#748);
#748 = CARTESIAN_POINT('',(35.,102.,0.));
#749 = LINE('',#750,#751);
#750 = CARTESIAN_POINT('',(35.,102.,0.));
#751 = VECTOR('',#752,1.);
#752 = DIRECTION('',(-1.,2.E-16,0.));
#753 = ORIENTED_EDGE('',*,*,#754,.T.);
#754 = EDGE_CURVE('',#747,#755,#757,.T.);
#755 = VERTEX_POINT('',#756);
#756 = CARTESIAN_POINT('',(35.,102.,30.));
#757 = LINE('',#758,#759);
#758 = CARTESIAN_POINT('',(35.,102.,0.));
#759 = VECTOR('',#760,1.);
#760 = DIRECTION('',(0.,0.,1.));
#761 = ORIENTED_EDGE('',*,*,#762,.T.);
#762 = EDGE_CURVE('',#755,#763,#765,.T.);
#763 = VERTEX_POINT('',#764);
#764 = CARTESIAN_POINT('',(4.999999999998,102.,30.));
#765 = LINE('',#766,#767);
#766 = CARTESIAN_POINT('',(35.,102.,30.));
#767 = VECTOR('',#768,1.);
#768 = DIRECTION('',(-1.,2.E-16,0.));
#769 = ORIENTED_EDGE('',*,*,#770,.F.);
#770 = EDGE_CURVE('',#771,#763,#773,.T.);
#771 = VERTEX_POINT('',#772);
#772 = CARTESIAN_POINT('',(4.999999999998,102.,28.000000000001));
#773 = LINE('',#774,#775);
#774 = CARTESIAN_POINT('',(4.999999999998,102.,14.000000000001));
#775 = VECTOR('',#776,1.);
#776 = DIRECTION('',(0.,0.,1.));
#777 = ORIENTED_EDGE('',*,*,#778,.F.);
#778 = EDGE_CURVE('',#724,#771,#779,.T.);
#779 = CIRCLE('',#780,4.999999999999);
#780 = AXIS2_PLACEMENT_3D('',#781,#782,#783);
#781 = CARTESIAN_POINT('',(-5.881E-13,102.,28.));
#782 = DIRECTION('',(0.,-1.,2.2E-16));
#783 = DIRECTION('',(1.,0.,0.));
#784 = ORIENTED_EDGE('',*,*,#723,.F.);
#785 = ORIENTED_EDGE('',*,*,#150,.T.);
#786 = PLANE('',#787);
#787 = AXIS2_PLACEMENT_3D('',#788,#789,#790);
#788 = CARTESIAN_POINT('',(35.,102.,0.));
#789 = DIRECTION('',(-2.E-16,-1.,0.));
#790 = DIRECTION('',(-1.,2.E-16,0.));
#791 = ADVANCED_FACE('',(#792),#803,.F.);
#792 = FACE_BOUND('',#793,.F.);
#793 = EDGE_LOOP('',(#794,#800,#801,#802));
#794 = ORIENTED_EDGE('',*,*,#795,.F.);
#795 = EDGE_CURVE('',#318,#209,#796,.T.);
#796 = LINE('',#797,#798);
#797 = CARTESIAN_POINT('',(-39.75,0.,0.));
#798 = VECTOR('',#799,1.);
#799 = DIRECTION('',(0.,0.,1.));
#800 = ORIENTED_EDGE('',*,*,#317,.F.);
#801 = ORIENTED_EDGE('',*,*,#795,.T.);
#802 = ORIENTED_EDGE('',*,*,#208,.T.);
#803 = CYLINDRICAL_SURFACE('',#804,12.25);
#804 = AXIS2_PLACEMENT_3D('',#805,#806,#807);
#805 = CARTESIAN_POINT('',(-52.,0.,0.));
#806 = DIRECTION('',(0.,0.,-1.));
#807 = DIRECTION('',(1.,0.,0.));
#808 = ADVANCED_FACE('',(#809),#820,.T.);
#809 = FACE_BOUND('',#810,.T.);
#810 = EDGE_LOOP('',(#811,#812,#819));
#811 = ORIENTED_EDGE('',*,*,#235,.F.);
#812 = ORIENTED_EDGE('',*,*,#813,.T.);
#813 = EDGE_CURVE('',#228,#252,#814,.T.);
#814 = CIRCLE('',#815,2.);
#815 = AXIS2_PLACEMENT_3D('',#816,#817,#818);
#816 = CARTESIAN_POINT('',(-35.,100.,1.421E-14));
#817 = DIRECTION('',(-1.,0.,2.E-16));
#818 = DIRECTION('',(2.E-16,1.1E-16,1.));
#819 = ORIENTED_EDGE('',*,*,#251,.F.);
#820 = SPHERICAL_SURFACE('',#821,2.);
#821 = AXIS2_PLACEMENT_3D('',#822,#823,#824);
#822 = CARTESIAN_POINT('',(-35.,100.,0.));
#823 = DIRECTION('',(0.707106781187,0.,-0.707106781187));
#824 = DIRECTION('',(0.57735026919,-0.57735026919,0.57735026919));
#825 = ADVANCED_FACE('',(#826),#851,.F.);
#826 = FACE_BOUND('',#827,.F.);
#827 = EDGE_LOOP('',(#828,#838,#844,#845));
#828 = ORIENTED_EDGE('',*,*,#829,.T.);
#829 = EDGE_CURVE('',#830,#832,#834,.T.);
#830 = VERTEX_POINT('',#831);
#831 = CARTESIAN_POINT('',(35.,-100.,-2.));
#832 = VERTEX_POINT('',#833);
#833 = CARTESIAN_POINT('',(35.,100.,-2.));
#834 = LINE('',#835,#836);
#835 = CARTESIAN_POINT('',(35.,-100.,-2.));
#836 = VECTOR('',#837,1.);
#837 = DIRECTION('',(0.,1.,0.));
#838 = ORIENTED_EDGE('',*,*,#839,.T.);
#839 = EDGE_CURVE('',#832,#252,#840,.T.);
#840 = LINE('',#841,#842);
#841 = CARTESIAN_POINT('',(35.,100.,-2.));
#842 = VECTOR('',#843,1.);
#843 = DIRECTION('',(-1.,2.E-16,0.));
#844 = ORIENTED_EDGE('',*,*,#260,.T.);
#845 = ORIENTED_EDGE('',*,*,#846,.T.);
#846 = EDGE_CURVE('',#261,#830,#847,.T.);
#847 = LINE('',#848,#849);
#848 = CARTESIAN_POINT('',(-35.,-100.,-2.));
#849 = VECTOR('',#850,1.);
#850 = DIRECTION('',(1.,-2.E-16,0.));
#851 = PLANE('',#852);
#852 = AXIS2_PLACEMENT_3D('',#853,#854,#855);
#853 = CARTESIAN_POINT('',(0.,4.21E-15,-2.));
#854 = DIRECTION('',(0.,0.,1.));
#855 = DIRECTION('',(1.,0.,0.));
#856 = ADVANCED_FACE('',(#857),#868,.T.);
#857 = FACE_BOUND('',#858,.T.);
#858 = EDGE_LOOP('',(#859,#860,#861));
#859 = ORIENTED_EDGE('',*,*,#534,.F.);
#860 = ORIENTED_EDGE('',*,*,#268,.T.);
#861 = ORIENTED_EDGE('',*,*,#862,.F.);
#862 = EDGE_CURVE('',#383,#261,#863,.T.);
#863 = CIRCLE('',#864,2.);
#864 = AXIS2_PLACEMENT_3D('',#865,#866,#867);
#865 = CARTESIAN_POINT('',(-35.,-100.,0.));
#866 = DIRECTION('',(1.,0.,2.E-16));
#867 = DIRECTION('',(-2.E-16,-1.1E-16,1.));
#868 = SPHERICAL_SURFACE('',#869,2.);
#869 = AXIS2_PLACEMENT_3D('',#870,#871,#872);
#870 = CARTESIAN_POINT('',(-35.,-100.,0.));
#871 = DIRECTION('',(0.,0.707106781187,-0.707106781187));
#872 = DIRECTION('',(0.57735026919,0.57735026919,0.57735026919));
#873 = ADVANCED_FACE('',(#874),#885,.F.);
#874 = FACE_BOUND('',#875,.F.);
#875 = EDGE_LOOP('',(#876,#877,#878,#879));
#876 = ORIENTED_EDGE('',*,*,#400,.F.);
#877 = ORIENTED_EDGE('',*,*,#368,.T.);
#878 = ORIENTED_EDGE('',*,*,#456,.F.);
#879 = ORIENTED_EDGE('',*,*,#880,.F.);
#880 = EDGE_CURVE('',#401,#457,#881,.T.);
#881 = LINE('',#882,#883);
#882 = CARTESIAN_POINT('',(-2.071E-14,-102.,26.4));
#883 = VECTOR('',#884,1.);
#884 = DIRECTION('',(0.,1.,-2.2E-16));
#885 = PLANE('',#886);
#886 = AXIS2_PLACEMENT_3D('',#887,#888,#889);
#887 = CARTESIAN_POINT('',(-15.,-102.,26.4));
#888 = DIRECTION('',(0.,-2.2E-16,-1.));
#889 = DIRECTION('',(1.,0.,0.));
#890 = ADVANCED_FACE('',(#891),#903,.T.);
#891 = FACE_BOUND('',#892,.T.);
#892 = EDGE_LOOP('',(#893,#894,#895,#896));
#893 = ORIENTED_EDGE('',*,*,#382,.F.);
#894 = ORIENTED_EDGE('',*,*,#862,.T.);
#895 = ORIENTED_EDGE('',*,*,#846,.T.);
#896 = ORIENTED_EDGE('',*,*,#897,.F.);
#897 = EDGE_CURVE('',#385,#830,#898,.T.);
#898 = CIRCLE('',#899,2.);
#899 = AXIS2_PLACEMENT_3D('',#900,#901,#902);
#900 = CARTESIAN_POINT('',(35.,-100.,1.421E-14));
#901 = DIRECTION('',(1.,0.,2.E-16));
#902 = DIRECTION('',(-2.E-16,-1.1E-16,1.));
#903 = CYLINDRICAL_SURFACE('',#904,2.);
#904 = AXIS2_PLACEMENT_3D('',#905,#906,#907);
#905 = CARTESIAN_POINT('',(-35.,-100.,0.));
#906 = DIRECTION('',(1.,0.,2.E-16));
#907 = DIRECTION('',(-2.E-16,-1.1E-16,1.));
#908 = ADVANCED_FACE('',(#909),#936,.T.);
#909 = FACE_BOUND('',#910,.F.);
#910 = EDGE_LOOP('',(#911,#912,#921,#929));
#911 = ORIENTED_EDGE('',*,*,#424,.T.);
#912 = ORIENTED_EDGE('',*,*,#913,.F.);
#913 = EDGE_CURVE('',#914,#417,#916,.T.);
#914 = VERTEX_POINT('',#915);
#915 = CARTESIAN_POINT('',(37.,-100.,30.));
#916 = CIRCLE('',#917,2.);
#917 = AXIS2_PLACEMENT_3D('',#918,#919,#920);
#918 = CARTESIAN_POINT('',(35.,-100.,30.));
#919 = DIRECTION('',(0.,0.,-1.));
#920 = DIRECTION('',(1.1E-16,1.,0.));
#921 = ORIENTED_EDGE('',*,*,#922,.F.);
#922 = EDGE_CURVE('',#923,#914,#925,.T.);
#923 = VERTEX_POINT('',#924);
#924 = CARTESIAN_POINT('',(37.,-100.,0.));
#925 = LINE('',#926,#927);
#926 = CARTESIAN_POINT('',(37.,-100.,0.));
#927 = VECTOR('',#928,1.);
#928 = DIRECTION('',(0.,0.,1.));
#929 = ORIENTED_EDGE('',*,*,#930,.T.);
#930 = EDGE_CURVE('',#923,#385,#931,.T.);
#931 = CIRCLE('',#932,2.);
#932 = AXIS2_PLACEMENT_3D('',#933,#934,#935);
#933 = CARTESIAN_POINT('',(35.,-100.,0.));
#934 = DIRECTION('',(0.,0.,-1.));
#935 = DIRECTION('',(1.1E-16,1.,0.));
#936 = CYLINDRICAL_SURFACE('',#937,2.);
#937 = AXIS2_PLACEMENT_3D('',#938,#939,#940);
#938 = CARTESIAN_POINT('',(35.,-100.,0.));
#939 = DIRECTION('',(0.,0.,1.));
#940 = DIRECTION('',(1.1E-16,1.,0.));
#941 = ADVANCED_FACE('',(#942,#1030),#1041,.T.);
#942 = FACE_BOUND('',#943,.T.);
#943 = EDGE_LOOP('',(#944,#952,#953,#959,#960,#961,#969,#977,#985,#993,
    #1001,#1008,#1009,#1015,#1016,#1024));
#944 = ORIENTED_EDGE('',*,*,#945,.F.);
#945 = EDGE_CURVE('',#473,#946,#948,.T.);
#946 = VERTEX_POINT('',#947);
#947 = CARTESIAN_POINT('',(35.,35.,30.));
#948 = LINE('',#949,#950);
#949 = CARTESIAN_POINT('',(35.,-100.,30.));
#950 = VECTOR('',#951,1.);
#951 = DIRECTION('',(0.,1.,0.));
#952 = ORIENTED_EDGE('',*,*,#472,.F.);
#953 = ORIENTED_EDGE('',*,*,#954,.F.);
#954 = EDGE_CURVE('',#409,#465,#955,.T.);
#955 = LINE('',#956,#957);
#956 = CARTESIAN_POINT('',(-2.071E-14,-102.,30.));
#957 = VECTOR('',#958,1.);
#958 = DIRECTION('',(0.,1.,-2.2E-16));
#959 = ORIENTED_EDGE('',*,*,#416,.T.);
#960 = ORIENTED_EDGE('',*,*,#913,.F.);
#961 = ORIENTED_EDGE('',*,*,#962,.T.);
#962 = EDGE_CURVE('',#914,#963,#965,.T.);
#963 = VERTEX_POINT('',#964);
#964 = CARTESIAN_POINT('',(37.,-20.,30.));
#965 = LINE('',#966,#967);
#966 = CARTESIAN_POINT('',(37.,-100.,30.));
#967 = VECTOR('',#968,1.);
#968 = DIRECTION('',(0.,1.,0.));
#969 = ORIENTED_EDGE('',*,*,#970,.T.);
#970 = EDGE_CURVE('',#963,#971,#973,.T.);
#971 = VERTEX_POINT('',#972);
#972 = CARTESIAN_POINT('',(67.,-20.,30.));
#973 = LINE('',#974,#975);
#974 = CARTESIAN_POINT('',(37.,-20.,30.));
#975 = VECTOR('',#976,1.);
#976 = DIRECTION('',(1.,0.,0.));
#977 = ORIENTED_EDGE('',*,*,#978,.F.);
#978 = EDGE_CURVE('',#979,#971,#981,.T.);
#979 = VERTEX_POINT('',#980);
#980 = CARTESIAN_POINT('',(67.,20.,30.));
#981 = LINE('',#982,#983);
#982 = CARTESIAN_POINT('',(67.,20.,30.));
#983 = VECTOR('',#984,1.);
#984 = DIRECTION('',(0.,-1.,0.));
#985 = ORIENTED_EDGE('',*,*,#986,.F.);
#986 = EDGE_CURVE('',#987,#979,#989,.T.);
#987 = VERTEX_POINT('',#988);
#988 = CARTESIAN_POINT('',(37.,20.,30.));
#989 = LINE('',#990,#991);
#990 = CARTESIAN_POINT('',(37.,20.,30.));
#991 = VECTOR('',#992,1.);
#992 = DIRECTION('',(1.,0.,0.));
#993 = ORIENTED_EDGE('',*,*,#994,.T.);
#994 = EDGE_CURVE('',#987,#995,#997,.T.);
#995 = VERTEX_POINT('',#996);
#996 = CARTESIAN_POINT('',(37.,100.,30.));
#997 = LINE('',#998,#999);
#998 = CARTESIAN_POINT('',(37.,-100.,30.));
#999 = VECTOR('',#1000,1.);
#1000 = DIRECTION('',(0.,1.,0.));
#1001 = ORIENTED_EDGE('',*,*,#1002,.T.);
#1002 = EDGE_CURVE('',#995,#755,#1003,.T.);
#1003 = CIRCLE('',#1004,2.);
#1004 = AXIS2_PLACEMENT_3D('',#1005,#1006,#1007);
#1005 = CARTESIAN_POINT('',(35.,100.,30.));
#1006 = DIRECTION('',(-0.,0.,1.));
#1007 = DIRECTION('',(1.1E-16,-1.,0.));
#1008 = ORIENTED_EDGE('',*,*,#762,.T.);
#1009 = ORIENTED_EDGE('',*,*,#1010,.F.);
#1010 = EDGE_CURVE('',#681,#763,#1011,.T.);
#1011 = LINE('',#1012,#1013);
#1012 = CARTESIAN_POINT('',(4.999999999998,100.,30.));
#1013 = VECTOR('',#1014,1.);
#1014 = DIRECTION('',(0.,1.,-2.2E-16));
#1015 = ORIENTED_EDGE('',*,*,#680,.F.);
#1016 = ORIENTED_EDGE('',*,*,#1017,.F.);
#1017 = EDGE_CURVE('',#1018,#673,#1020,.T.);
#1018 = VERTEX_POINT('',#1019);
#1019 = CARTESIAN_POINT('',(35.,85.,30.));
#1020 = LINE('',#1021,#1022);
#1021 = CARTESIAN_POINT('',(35.,-100.,30.));
#1022 = VECTOR('',#1023,1.);
#1023 = DIRECTION('',(0.,1.,0.));
#1024 = ORIENTED_EDGE('',*,*,#1025,.F.);
#1025 = EDGE_CURVE('',#946,#1018,#1026,.T.);
#1026 = LINE('',#1027,#1028);
#1027 = CARTESIAN_POINT('',(35.,-100.,30.));
#1028 = VECTOR('',#1029,1.);
#1029 = DIRECTION('',(0.,1.,0.));
#1030 = FACE_BOUND('',#1031,.T.);
#1031 = EDGE_LOOP('',(#1032));
#1032 = ORIENTED_EDGE('',*,*,#1033,.T.);
#1033 = EDGE_CURVE('',#1034,#1034,#1036,.T.);
#1034 = VERTEX_POINT('',#1035);
#1035 = CARTESIAN_POINT('',(64.25,-1.E-15,30.));
#1036 = CIRCLE('',#1037,12.25);
#1037 = AXIS2_PLACEMENT_3D('',#1038,#1039,#1040);
#1038 = CARTESIAN_POINT('',(52.,-1.29E-15,30.));
#1039 = DIRECTION('',(0.,0.,-1.));
#1040 = DIRECTION('',(1.,0.,0.));
#1041 = PLANE('',#1042);
#1042 = AXIS2_PLACEMENT_3D('',#1043,#1044,#1045);
#1043 = CARTESIAN_POINT('',(35.62099328164,-1.682739727031,30.));
#1044 = DIRECTION('',(0.,0.,1.));
#1045 = DIRECTION('',(1.,0.,0.));
#1046 = ADVANCED_FACE('',(#1047),#1053,.T.);
#1047 = FACE_BOUND('',#1048,.T.);
#1048 = EDGE_LOOP('',(#1049,#1050,#1051,#1052));
#1049 = ORIENTED_EDGE('',*,*,#408,.F.);
#1050 = ORIENTED_EDGE('',*,*,#954,.T.);
#1051 = ORIENTED_EDGE('',*,*,#464,.F.);
#1052 = ORIENTED_EDGE('',*,*,#880,.F.);
#1053 = PLANE('',#1054);
#1054 = AXIS2_PLACEMENT_3D('',#1055,#1056,#1057);
#1055 = CARTESIAN_POINT('',(-2.071E-14,-102.,30.));
#1056 = DIRECTION('',(-1.,0.,0.));
#1057 = DIRECTION('',(0.,-2.2E-16,-1.));
#1058 = ADVANCED_FACE('',(#1059,#1132,#1198,#1264),#1298,.T.);
#1059 = FACE_BOUND('',#1060,.T.);
#1060 = EDGE_LOOP('',(#1061,#1062,#1063,#1071,#1079,#1085,#1086,#1094,
    #1102,#1110,#1118,#1126));
#1061 = ORIENTED_EDGE('',*,*,#549,.T.);
#1062 = ORIENTED_EDGE('',*,*,#438,.T.);
#1063 = ORIENTED_EDGE('',*,*,#1064,.T.);
#1064 = EDGE_CURVE('',#441,#1065,#1067,.T.);
#1065 = VERTEX_POINT('',#1066);
#1066 = CARTESIAN_POINT('',(-27.5,-95.,0.));
#1067 = LINE('',#1068,#1069);
#1068 = CARTESIAN_POINT('',(-27.5,-100.,0.));
#1069 = VECTOR('',#1070,1.);
#1070 = DIRECTION('',(0.,1.,0.));
#1071 = ORIENTED_EDGE('',*,*,#1072,.T.);
#1072 = EDGE_CURVE('',#1065,#1073,#1075,.T.);
#1073 = VERTEX_POINT('',#1074);
#1074 = CARTESIAN_POINT('',(27.5,-95.,0.));
#1075 = LINE('',#1076,#1077);
#1076 = CARTESIAN_POINT('',(-27.5,-95.,0.));
#1077 = VECTOR('',#1078,1.);
#1078 = DIRECTION('',(1.,0.,0.));
#1079 = ORIENTED_EDGE('',*,*,#1080,.T.);
#1080 = EDGE_CURVE('',#1073,#489,#1081,.T.);
#1081 = LINE('',#1082,#1083);
#1082 = CARTESIAN_POINT('',(27.5,-95.,0.));
#1083 = VECTOR('',#1084,1.);
#1084 = DIRECTION('',(0.,-1.,0.));
#1085 = ORIENTED_EDGE('',*,*,#488,.T.);
#1086 = ORIENTED_EDGE('',*,*,#1087,.T.);
#1087 = EDGE_CURVE('',#481,#1088,#1090,.T.);
#1088 = VERTEX_POINT('',#1089);
#1089 = CARTESIAN_POINT('',(35.,35.,0.));
#1090 = LINE('',#1091,#1092);
#1091 = CARTESIAN_POINT('',(35.,-100.,0.));
#1092 = VECTOR('',#1093,1.);
#1093 = DIRECTION('',(0.,1.,0.));
#1094 = ORIENTED_EDGE('',*,*,#1095,.F.);
#1095 = EDGE_CURVE('',#1096,#1088,#1098,.T.);
#1096 = VERTEX_POINT('',#1097);
#1097 = CARTESIAN_POINT('',(30.,35.,0.));
#1098 = LINE('',#1099,#1100);
#1099 = CARTESIAN_POINT('',(30.,35.,0.));
#1100 = VECTOR('',#1101,1.);
#1101 = DIRECTION('',(1.,0.,0.));
#1102 = ORIENTED_EDGE('',*,*,#1103,.F.);
#1103 = EDGE_CURVE('',#1104,#1096,#1106,.T.);
#1104 = VERTEX_POINT('',#1105);
#1105 = CARTESIAN_POINT('',(30.,30.,0.));
#1106 = LINE('',#1107,#1108);
#1107 = CARTESIAN_POINT('',(30.,30.,0.));
#1108 = VECTOR('',#1109,1.);
#1109 = DIRECTION('',(0.,1.,0.));
#1110 = ORIENTED_EDGE('',*,*,#1111,.F.);
#1111 = EDGE_CURVE('',#1112,#1104,#1114,.T.);
#1112 = VERTEX_POINT('',#1113);
#1113 = CARTESIAN_POINT('',(-30.,30.,0.));
#1114 = LINE('',#1115,#1116);
#1115 = CARTESIAN_POINT('',(-30.,30.,0.));
#1116 = VECTOR('',#1117,1.);
#1117 = DIRECTION('',(1.,0.,0.));
#1118 = ORIENTED_EDGE('',*,*,#1119,.F.);
#1119 = EDGE_CURVE('',#1120,#1112,#1122,.T.);
#1120 = VERTEX_POINT('',#1121);
#1121 = CARTESIAN_POINT('',(-30.,35.,0.));
#1122 = LINE('',#1123,#1124);
#1123 = CARTESIAN_POINT('',(-30.,35.,0.));
#1124 = VECTOR('',#1125,1.);
#1125 = DIRECTION('',(0.,-1.,0.));
#1126 = ORIENTED_EDGE('',*,*,#1127,.F.);
#1127 = EDGE_CURVE('',#550,#1120,#1128,.T.);
#1128 = LINE('',#1129,#1130);
#1129 = CARTESIAN_POINT('',(-35.,35.,0.));
#1130 = VECTOR('',#1131,1.);
#1131 = DIRECTION('',(1.,0.,0.));
#1132 = FACE_BOUND('',#1133,.T.);
#1133 = EDGE_LOOP('',(#1134,#1144,#1152,#1160,#1168,#1176,#1184,#1192));
#1134 = ORIENTED_EDGE('',*,*,#1135,.F.);
#1135 = EDGE_CURVE('',#1136,#1138,#1140,.T.);
#1136 = VERTEX_POINT('',#1137);
#1137 = CARTESIAN_POINT('',(32.5,-80.,0.));
#1138 = VERTEX_POINT('',#1139);
#1139 = CARTESIAN_POINT('',(32.5,-25.,0.));
#1140 = LINE('',#1141,#1142);
#1141 = CARTESIAN_POINT('',(32.5,-80.,0.));
#1142 = VECTOR('',#1143,1.);
#1143 = DIRECTION('',(0.,1.,0.));
#1144 = ORIENTED_EDGE('',*,*,#1145,.F.);
#1145 = EDGE_CURVE('',#1146,#1136,#1148,.T.);
#1146 = VERTEX_POINT('',#1147);
#1147 = CARTESIAN_POINT('',(27.5,-80.,0.));
#1148 = LINE('',#1149,#1150);
#1149 = CARTESIAN_POINT('',(27.5,-80.,0.));
#1150 = VECTOR('',#1151,1.);
#1151 = DIRECTION('',(1.,0.,0.));
#1152 = ORIENTED_EDGE('',*,*,#1153,.F.);
#1153 = EDGE_CURVE('',#1154,#1146,#1156,.T.);
#1154 = VERTEX_POINT('',#1155);
#1155 = CARTESIAN_POINT('',(27.5,-70.,0.));
#1156 = LINE('',#1157,#1158);
#1157 = CARTESIAN_POINT('',(27.5,-25.,0.));
#1158 = VECTOR('',#1159,1.);
#1159 = DIRECTION('',(0.,-1.,0.));
#1160 = ORIENTED_EDGE('',*,*,#1161,.F.);
#1161 = EDGE_CURVE('',#1162,#1154,#1164,.T.);
#1162 = VERTEX_POINT('',#1163);
#1163 = CARTESIAN_POINT('',(22.5,-70.,0.));
#1164 = LINE('',#1165,#1166);
#1165 = CARTESIAN_POINT('',(22.5,-70.,0.));
#1166 = VECTOR('',#1167,1.);
#1167 = DIRECTION('',(1.,0.,0.));
#1168 = ORIENTED_EDGE('',*,*,#1169,.F.);
#1169 = EDGE_CURVE('',#1170,#1162,#1172,.T.);
#1170 = VERTEX_POINT('',#1171);
#1171 = CARTESIAN_POINT('',(22.5,-65.,0.));
#1172 = LINE('',#1173,#1174);
#1173 = CARTESIAN_POINT('',(22.5,-65.,0.));
#1174 = VECTOR('',#1175,1.);
#1175 = DIRECTION('',(0.,-1.,0.));
#1176 = ORIENTED_EDGE('',*,*,#1177,.F.);
#1177 = EDGE_CURVE('',#1178,#1170,#1180,.T.);
#1178 = VERTEX_POINT('',#1179);
#1179 = CARTESIAN_POINT('',(27.5,-65.,0.));
#1180 = LINE('',#1181,#1182);
#1181 = CARTESIAN_POINT('',(27.5,-65.,0.));
#1182 = VECTOR('',#1183,1.);
#1183 = DIRECTION('',(-1.,0.,0.));
#1184 = ORIENTED_EDGE('',*,*,#1185,.F.);
#1185 = EDGE_CURVE('',#1186,#1178,#1188,.T.);
#1186 = VERTEX_POINT('',#1187);
#1187 = CARTESIAN_POINT('',(27.5,-25.,0.));
#1188 = LINE('',#1189,#1190);
#1189 = CARTESIAN_POINT('',(27.5,-25.,0.));
#1190 = VECTOR('',#1191,1.);
#1191 = DIRECTION('',(0.,-1.,0.));
#1192 = ORIENTED_EDGE('',*,*,#1193,.F.);
#1193 = EDGE_CURVE('',#1138,#1186,#1194,.T.);
#1194 = LINE('',#1195,#1196);
#1195 = CARTESIAN_POINT('',(32.5,-25.,0.));
#1196 = VECTOR('',#1197,1.);
#1197 = DIRECTION('',(-1.,0.,0.));
#1198 = FACE_BOUND('',#1199,.T.);
#1199 = EDGE_LOOP('',(#1200,#1210,#1218,#1226,#1234,#1242,#1250,#1258));
#1200 = ORIENTED_EDGE('',*,*,#1201,.F.);
#1201 = EDGE_CURVE('',#1202,#1204,#1206,.T.);
#1202 = VERTEX_POINT('',#1203);
#1203 = CARTESIAN_POINT('',(-27.5,-25.,0.));
#1204 = VERTEX_POINT('',#1205);
#1205 = CARTESIAN_POINT('',(-32.5,-25.,0.));
#1206 = LINE('',#1207,#1208);
#1207 = CARTESIAN_POINT('',(-27.5,-25.,0.));
#1208 = VECTOR('',#1209,1.);
#1209 = DIRECTION('',(-1.,0.,0.));
#1210 = ORIENTED_EDGE('',*,*,#1211,.T.);
#1211 = EDGE_CURVE('',#1202,#1212,#1214,.T.);
#1212 = VERTEX_POINT('',#1213);
#1213 = CARTESIAN_POINT('',(-27.5,-65.,0.));
#1214 = LINE('',#1215,#1216);
#1215 = CARTESIAN_POINT('',(-27.5,-25.,0.));
#1216 = VECTOR('',#1217,1.);
#1217 = DIRECTION('',(0.,-1.,0.));
#1218 = ORIENTED_EDGE('',*,*,#1219,.T.);
#1219 = EDGE_CURVE('',#1212,#1220,#1222,.T.);
#1220 = VERTEX_POINT('',#1221);
#1221 = CARTESIAN_POINT('',(-22.5,-65.,0.));
#1222 = LINE('',#1223,#1224);
#1223 = CARTESIAN_POINT('',(-27.5,-65.,0.));
#1224 = VECTOR('',#1225,1.);
#1225 = DIRECTION('',(1.,0.,0.));
#1226 = ORIENTED_EDGE('',*,*,#1227,.T.);
#1227 = EDGE_CURVE('',#1220,#1228,#1230,.T.);
#1228 = VERTEX_POINT('',#1229);
#1229 = CARTESIAN_POINT('',(-22.5,-70.,0.));
#1230 = LINE('',#1231,#1232);
#1231 = CARTESIAN_POINT('',(-22.5,-65.,0.));
#1232 = VECTOR('',#1233,1.);
#1233 = DIRECTION('',(0.,-1.,0.));
#1234 = ORIENTED_EDGE('',*,*,#1235,.T.);
#1235 = EDGE_CURVE('',#1228,#1236,#1238,.T.);
#1236 = VERTEX_POINT('',#1237);
#1237 = CARTESIAN_POINT('',(-27.5,-70.,0.));
#1238 = LINE('',#1239,#1240);
#1239 = CARTESIAN_POINT('',(-22.5,-70.,0.));
#1240 = VECTOR('',#1241,1.);
#1241 = DIRECTION('',(-1.,0.,0.));
#1242 = ORIENTED_EDGE('',*,*,#1243,.T.);
#1243 = EDGE_CURVE('',#1236,#1244,#1246,.T.);
#1244 = VERTEX_POINT('',#1245);
#1245 = CARTESIAN_POINT('',(-27.5,-75.,0.));
#1246 = LINE('',#1247,#1248);
#1247 = CARTESIAN_POINT('',(-27.5,-25.,0.));
#1248 = VECTOR('',#1249,1.);
#1249 = DIRECTION('',(0.,-1.,0.));
#1250 = ORIENTED_EDGE('',*,*,#1251,.T.);
#1251 = EDGE_CURVE('',#1244,#1252,#1254,.T.);
#1252 = VERTEX_POINT('',#1253);
#1253 = CARTESIAN_POINT('',(-32.5,-75.,0.));
#1254 = LINE('',#1255,#1256);
#1255 = CARTESIAN_POINT('',(-27.5,-75.,0.));
#1256 = VECTOR('',#1257,1.);
#1257 = DIRECTION('',(-1.,0.,0.));
#1258 = ORIENTED_EDGE('',*,*,#1259,.F.);
#1259 = EDGE_CURVE('',#1204,#1252,#1260,.T.);
#1260 = LINE('',#1261,#1262);
#1261 = CARTESIAN_POINT('',(-32.5,-25.,0.));
#1262 = VECTOR('',#1263,1.);
#1263 = DIRECTION('',(0.,-1.,0.));
#1264 = FACE_BOUND('',#1265,.T.);
#1265 = EDGE_LOOP('',(#1266,#1276,#1284,#1292));
#1266 = ORIENTED_EDGE('',*,*,#1267,.F.);
#1267 = EDGE_CURVE('',#1268,#1270,#1272,.T.);
#1268 = VERTEX_POINT('',#1269);
#1269 = CARTESIAN_POINT('',(-12.5,-20.,0.));
#1270 = VERTEX_POINT('',#1271);
#1271 = CARTESIAN_POINT('',(-12.5,-32.,0.));
#1272 = LINE('',#1273,#1274);
#1273 = CARTESIAN_POINT('',(-12.5,-25.,0.));
#1274 = VECTOR('',#1275,1.);
#1275 = DIRECTION('',(0.,-1.,0.));
#1276 = ORIENTED_EDGE('',*,*,#1277,.F.);
#1277 = EDGE_CURVE('',#1278,#1268,#1280,.T.);
#1278 = VERTEX_POINT('',#1279);
#1279 = CARTESIAN_POINT('',(12.5,-20.,0.));
#1280 = LINE('',#1281,#1282);
#1281 = CARTESIAN_POINT('',(12.5,-20.,0.));
#1282 = VECTOR('',#1283,1.);
#1283 = DIRECTION('',(-1.,0.,0.));
#1284 = ORIENTED_EDGE('',*,*,#1285,.F.);
#1285 = EDGE_CURVE('',#1286,#1278,#1288,.T.);
#1286 = VERTEX_POINT('',#1287);
#1287 = CARTESIAN_POINT('',(12.5,-32.,0.));
#1288 = LINE('',#1289,#1290);
#1289 = CARTESIAN_POINT('',(12.5,-25.,0.));
#1290 = VECTOR('',#1291,1.);
#1291 = DIRECTION('',(0.,1.,0.));
#1292 = ORIENTED_EDGE('',*,*,#1293,.F.);
#1293 = EDGE_CURVE('',#1270,#1286,#1294,.T.);
#1294 = LINE('',#1295,#1296);
#1295 = CARTESIAN_POINT('',(-12.5,-32.,0.));
#1296 = VECTOR('',#1297,1.);
#1297 = DIRECTION('',(1.,0.,0.));
#1298 = PLANE('',#1299);
#1299 = AXIS2_PLACEMENT_3D('',#1300,#1301,#1302);
#1300 = CARTESIAN_POINT('',(0.,4.21E-15,0.));
#1301 = DIRECTION('',(0.,0.,1.));
#1302 = DIRECTION('',(1.,0.,0.));
#1303 = ADVANCED_FACE('',(#1304),#1322,.T.);
#1304 = FACE_BOUND('',#1305,.T.);
#1305 = EDGE_LOOP('',(#1306,#1307,#1315,#1321));
#1306 = ORIENTED_EDGE('',*,*,#512,.T.);
#1307 = ORIENTED_EDGE('',*,*,#1308,.T.);
#1308 = EDGE_CURVE('',#505,#1309,#1311,.T.);
#1309 = VERTEX_POINT('',#1310);
#1310 = CARTESIAN_POINT('',(-27.5,-95.,24.8));
#1311 = LINE('',#1312,#1313);
#1312 = CARTESIAN_POINT('',(-27.5,-100.,24.8));
#1313 = VECTOR('',#1314,1.);
#1314 = DIRECTION('',(0.,1.,0.));
#1315 = ORIENTED_EDGE('',*,*,#1316,.F.);
#1316 = EDGE_CURVE('',#1065,#1309,#1317,.T.);
#1317 = LINE('',#1318,#1319);
#1318 = CARTESIAN_POINT('',(-27.5,-95.,0.));
#1319 = VECTOR('',#1320,1.);
#1320 = DIRECTION('',(0.,0.,1.));
#1321 = ORIENTED_EDGE('',*,*,#1064,.F.);
#1322 = PLANE('',#1323);
#1323 = AXIS2_PLACEMENT_3D('',#1324,#1325,#1326);
#1324 = CARTESIAN_POINT('',(-27.5,-100.,0.));
#1325 = DIRECTION('',(-1.,0.,0.));
#1326 = DIRECTION('',(0.,1.,0.));
#1327 = ADVANCED_FACE('',(#1328),#1346,.T.);
#1328 = FACE_BOUND('',#1329,.F.);
#1329 = EDGE_LOOP('',(#1330,#1338,#1344,#1345));
#1330 = ORIENTED_EDGE('',*,*,#1331,.T.);
#1331 = EDGE_CURVE('',#1309,#1332,#1334,.T.);
#1332 = VERTEX_POINT('',#1333);
#1333 = CARTESIAN_POINT('',(27.5,-95.,24.8));
#1334 = LINE('',#1335,#1336);
#1335 = CARTESIAN_POINT('',(-27.5,-95.,24.8));
#1336 = VECTOR('',#1337,1.);
#1337 = DIRECTION('',(1.,0.,0.));
#1338 = ORIENTED_EDGE('',*,*,#1339,.T.);
#1339 = EDGE_CURVE('',#1332,#497,#1340,.T.);
#1340 = LINE('',#1341,#1342);
#1341 = CARTESIAN_POINT('',(27.5,-95.,24.8));
#1342 = VECTOR('',#1343,1.);
#1343 = DIRECTION('',(0.,-1.,0.));
#1344 = ORIENTED_EDGE('',*,*,#504,.T.);
#1345 = ORIENTED_EDGE('',*,*,#1308,.T.);
#1346 = PLANE('',#1347);
#1347 = AXIS2_PLACEMENT_3D('',#1348,#1349,#1350);
#1348 = CARTESIAN_POINT('',(1.3E-16,-72.42857142857,24.8));
#1349 = DIRECTION('',(0.,0.,1.));
#1350 = DIRECTION('',(1.,0.,0.));
#1351 = ADVANCED_FACE('',(#1352),#1363,.T.);
#1352 = FACE_BOUND('',#1353,.T.);
#1353 = EDGE_LOOP('',(#1354,#1360,#1361,#1362));
#1354 = ORIENTED_EDGE('',*,*,#1355,.T.);
#1355 = EDGE_CURVE('',#1073,#1332,#1356,.T.);
#1356 = LINE('',#1357,#1358);
#1357 = CARTESIAN_POINT('',(27.5,-95.,0.));
#1358 = VECTOR('',#1359,1.);
#1359 = DIRECTION('',(0.,0.,1.));
#1360 = ORIENTED_EDGE('',*,*,#1339,.T.);
#1361 = ORIENTED_EDGE('',*,*,#496,.F.);
#1362 = ORIENTED_EDGE('',*,*,#1080,.F.);
#1363 = PLANE('',#1364);
#1364 = AXIS2_PLACEMENT_3D('',#1365,#1366,#1367);
#1365 = CARTESIAN_POINT('',(27.5,-95.,0.));
#1366 = DIRECTION('',(1.,0.,0.));
#1367 = DIRECTION('',(0.,-1.,0.));
#1368 = ADVANCED_FACE('',(#1369),#1380,.T.);
#1369 = FACE_BOUND('',#1370,.T.);
#1370 = EDGE_LOOP('',(#1371,#1372,#1373,#1374));
#1371 = ORIENTED_EDGE('',*,*,#1087,.F.);
#1372 = ORIENTED_EDGE('',*,*,#480,.T.);
#1373 = ORIENTED_EDGE('',*,*,#945,.T.);
#1374 = ORIENTED_EDGE('',*,*,#1375,.F.);
#1375 = EDGE_CURVE('',#1088,#946,#1376,.T.);
#1376 = LINE('',#1377,#1378);
#1377 = CARTESIAN_POINT('',(35.,35.,0.));
#1378 = VECTOR('',#1379,1.);
#1379 = DIRECTION('',(0.,0.,1.));
#1380 = PLANE('',#1381);
#1381 = AXIS2_PLACEMENT_3D('',#1382,#1383,#1384);
#1382 = CARTESIAN_POINT('',(35.,-100.,0.));
#1383 = DIRECTION('',(-1.,0.,0.));
#1384 = DIRECTION('',(0.,1.,0.));
#1385 = ADVANCED_FACE('',(#1386),#1405,.F.);
#1386 = FACE_BOUND('',#1387,.F.);
#1387 = EDGE_LOOP('',(#1388,#1389,#1390,#1398,#1404));
#1388 = ORIENTED_EDGE('',*,*,#557,.T.);
#1389 = ORIENTED_EDGE('',*,*,#607,.T.);
#1390 = ORIENTED_EDGE('',*,*,#1391,.T.);
#1391 = EDGE_CURVE('',#600,#1392,#1394,.T.);
#1392 = VERTEX_POINT('',#1393);
#1393 = CARTESIAN_POINT('',(-30.,35.,45.));
#1394 = LINE('',#1395,#1396);
#1395 = CARTESIAN_POINT('',(-35.,35.,45.));
#1396 = VECTOR('',#1397,1.);
#1397 = DIRECTION('',(1.,0.,0.));
#1398 = ORIENTED_EDGE('',*,*,#1399,.F.);
#1399 = EDGE_CURVE('',#1120,#1392,#1400,.T.);
#1400 = LINE('',#1401,#1402);
#1401 = CARTESIAN_POINT('',(-30.,35.,0.));
#1402 = VECTOR('',#1403,1.);
#1403 = DIRECTION('',(0.,0.,1.));
#1404 = ORIENTED_EDGE('',*,*,#1127,.F.);
#1405 = PLANE('',#1406);
#1406 = AXIS2_PLACEMENT_3D('',#1407,#1408,#1409);
#1407 = CARTESIAN_POINT('',(-35.,35.,0.));
#1408 = DIRECTION('',(0.,1.,0.));
#1409 = DIRECTION('',(1.,0.,0.));
#1410 = ADVANCED_FACE('',(#1411),#1429,.T.);
#1411 = FACE_BOUND('',#1412,.T.);
#1412 = EDGE_LOOP('',(#1413,#1414,#1422,#1428));
#1413 = ORIENTED_EDGE('',*,*,#1391,.T.);
#1414 = ORIENTED_EDGE('',*,*,#1415,.T.);
#1415 = EDGE_CURVE('',#1392,#1416,#1418,.T.);
#1416 = VERTEX_POINT('',#1417);
#1417 = CARTESIAN_POINT('',(-30.,85.,45.));
#1418 = LINE('',#1419,#1420);
#1419 = CARTESIAN_POINT('',(-30.,35.,45.));
#1420 = VECTOR('',#1421,1.);
#1421 = DIRECTION('',(0.,1.,0.));
#1422 = ORIENTED_EDGE('',*,*,#1423,.T.);
#1423 = EDGE_CURVE('',#1416,#592,#1424,.T.);
#1424 = LINE('',#1425,#1426);
#1425 = CARTESIAN_POINT('',(-30.,85.,45.));
#1426 = VECTOR('',#1427,1.);
#1427 = DIRECTION('',(-1.,0.,0.));
#1428 = ORIENTED_EDGE('',*,*,#599,.T.);
#1429 = PLANE('',#1430);
#1430 = AXIS2_PLACEMENT_3D('',#1431,#1432,#1433);
#1431 = CARTESIAN_POINT('',(0.38961038961,20.324675324675,45.));
#1432 = DIRECTION('',(0.,0.,1.));
#1433 = DIRECTION('',(1.,0.,0.));
#1434 = ADVANCED_FACE('',(#1435),#1454,.F.);
#1435 = FACE_BOUND('',#1436,.F.);
#1436 = EDGE_LOOP('',(#1437,#1445,#1446,#1447,#1448));
#1437 = ORIENTED_EDGE('',*,*,#1438,.T.);
#1438 = EDGE_CURVE('',#1439,#1416,#1441,.T.);
#1439 = VERTEX_POINT('',#1440);
#1440 = CARTESIAN_POINT('',(-30.,85.,0.));
#1441 = LINE('',#1442,#1443);
#1442 = CARTESIAN_POINT('',(-30.,85.,0.));
#1443 = VECTOR('',#1444,1.);
#1444 = DIRECTION('',(0.,0.,1.));
#1445 = ORIENTED_EDGE('',*,*,#1423,.T.);
#1446 = ORIENTED_EDGE('',*,*,#591,.F.);
#1447 = ORIENTED_EDGE('',*,*,#650,.F.);
#1448 = ORIENTED_EDGE('',*,*,#1449,.F.);
#1449 = EDGE_CURVE('',#1439,#636,#1450,.T.);
#1450 = LINE('',#1451,#1452);
#1451 = CARTESIAN_POINT('',(-30.,85.,0.));
#1452 = VECTOR('',#1453,1.);
#1453 = DIRECTION('',(-1.,0.,0.));
#1454 = PLANE('',#1455);
#1455 = AXIS2_PLACEMENT_3D('',#1456,#1457,#1458);
#1456 = CARTESIAN_POINT('',(-30.,85.,0.));
#1457 = DIRECTION('',(0.,-1.,0.));
#1458 = DIRECTION('',(-1.,0.,0.));
#1459 = ADVANCED_FACE('',(#1460),#1503,.T.);
#1460 = FACE_BOUND('',#1461,.T.);
#1461 = EDGE_LOOP('',(#1462,#1472,#1478,#1479,#1480,#1481,#1489,#1497));
#1462 = ORIENTED_EDGE('',*,*,#1463,.F.);
#1463 = EDGE_CURVE('',#1464,#1466,#1468,.T.);
#1464 = VERTEX_POINT('',#1465);
#1465 = CARTESIAN_POINT('',(35.,85.,0.));
#1466 = VERTEX_POINT('',#1467);
#1467 = CARTESIAN_POINT('',(30.,85.,0.));
#1468 = LINE('',#1469,#1470);
#1469 = CARTESIAN_POINT('',(35.,85.,0.));
#1470 = VECTOR('',#1471,1.);
#1471 = DIRECTION('',(-1.,0.,0.));
#1472 = ORIENTED_EDGE('',*,*,#1473,.T.);
#1473 = EDGE_CURVE('',#1464,#665,#1474,.T.);
#1474 = LINE('',#1475,#1476);
#1475 = CARTESIAN_POINT('',(35.,-100.,0.));
#1476 = VECTOR('',#1477,1.);
#1477 = DIRECTION('',(0.,1.,0.));
#1478 = ORIENTED_EDGE('',*,*,#664,.T.);
#1479 = ORIENTED_EDGE('',*,*,#633,.T.);
#1480 = ORIENTED_EDGE('',*,*,#1449,.F.);
#1481 = ORIENTED_EDGE('',*,*,#1482,.F.);
#1482 = EDGE_CURVE('',#1483,#1439,#1485,.T.);
#1483 = VERTEX_POINT('',#1484);
#1484 = CARTESIAN_POINT('',(-30.,90.,0.));
#1485 = LINE('',#1486,#1487);
#1486 = CARTESIAN_POINT('',(-30.,90.,0.));
#1487 = VECTOR('',#1488,1.);
#1488 = DIRECTION('',(0.,-1.,0.));
#1489 = ORIENTED_EDGE('',*,*,#1490,.F.);
#1490 = EDGE_CURVE('',#1491,#1483,#1493,.T.);
#1491 = VERTEX_POINT('',#1492);
#1492 = CARTESIAN_POINT('',(30.,90.,0.));
#1493 = LINE('',#1494,#1495);
#1494 = CARTESIAN_POINT('',(30.,90.,0.));
#1495 = VECTOR('',#1496,1.);
#1496 = DIRECTION('',(-1.,0.,0.));
#1497 = ORIENTED_EDGE('',*,*,#1498,.F.);
#1498 = EDGE_CURVE('',#1466,#1491,#1499,.T.);
#1499 = LINE('',#1500,#1501);
#1500 = CARTESIAN_POINT('',(30.,85.,0.));
#1501 = VECTOR('',#1502,1.);
#1502 = DIRECTION('',(0.,1.,0.));
#1503 = PLANE('',#1504);
#1504 = AXIS2_PLACEMENT_3D('',#1505,#1506,#1507);
#1505 = CARTESIAN_POINT('',(0.,4.21E-15,0.));
#1506 = DIRECTION('',(0.,0.,1.));
#1507 = DIRECTION('',(1.,0.,0.));
#1508 = ADVANCED_FACE('',(#1509),#1520,.F.);
#1509 = FACE_BOUND('',#1510,.F.);
#1510 = EDGE_LOOP('',(#1511,#1512,#1513,#1514));
#1511 = ORIENTED_EDGE('',*,*,#696,.F.);
#1512 = ORIENTED_EDGE('',*,*,#731,.T.);
#1513 = ORIENTED_EDGE('',*,*,#778,.T.);
#1514 = ORIENTED_EDGE('',*,*,#1515,.F.);
#1515 = EDGE_CURVE('',#689,#771,#1516,.T.);
#1516 = LINE('',#1517,#1518);
#1517 = CARTESIAN_POINT('',(4.999999999998,100.,28.000000000001));
#1518 = VECTOR('',#1519,1.);
#1519 = DIRECTION('',(0.,1.,-2.2E-16));
#1520 = CYLINDRICAL_SURFACE('',#1521,4.999999999999);
#1521 = AXIS2_PLACEMENT_3D('',#1522,#1523,#1524);
#1522 = CARTESIAN_POINT('',(-5.881E-13,100.,28.));
#1523 = DIRECTION('',(0.,-1.,2.2E-16));
#1524 = DIRECTION('',(1.,0.,0.));
#1525 = ADVANCED_FACE('',(#1526),#1532,.F.);
#1526 = FACE_BOUND('',#1527,.F.);
#1527 = EDGE_LOOP('',(#1528,#1529,#1530,#1531));
#1528 = ORIENTED_EDGE('',*,*,#688,.F.);
#1529 = ORIENTED_EDGE('',*,*,#1515,.T.);
#1530 = ORIENTED_EDGE('',*,*,#770,.T.);
#1531 = ORIENTED_EDGE('',*,*,#1010,.F.);
#1532 = PLANE('',#1533);
#1533 = AXIS2_PLACEMENT_3D('',#1534,#1535,#1536);
#1534 = CARTESIAN_POINT('',(4.999999999998,100.,28.000000000001));
#1535 = DIRECTION('',(1.,0.,0.));
#1536 = DIRECTION('',(0.,2.2E-16,1.));
#1537 = ADVANCED_FACE('',(#1538),#1549,.T.);
#1538 = FACE_BOUND('',#1539,.T.);
#1539 = EDGE_LOOP('',(#1540,#1541,#1547,#1548));
#1540 = ORIENTED_EDGE('',*,*,#1473,.F.);
#1541 = ORIENTED_EDGE('',*,*,#1542,.T.);
#1542 = EDGE_CURVE('',#1464,#1018,#1543,.T.);
#1543 = LINE('',#1544,#1545);
#1544 = CARTESIAN_POINT('',(35.,85.,0.));
#1545 = VECTOR('',#1546,1.);
#1546 = DIRECTION('',(0.,0.,1.));
#1547 = ORIENTED_EDGE('',*,*,#1017,.T.);
#1548 = ORIENTED_EDGE('',*,*,#672,.F.);
#1549 = PLANE('',#1550);
#1550 = AXIS2_PLACEMENT_3D('',#1551,#1552,#1553);
#1551 = CARTESIAN_POINT('',(35.,-100.,0.));
#1552 = DIRECTION('',(-1.,0.,0.));
#1553 = DIRECTION('',(0.,1.,0.));
#1554 = ADVANCED_FACE('',(#1555),#1574,.T.);
#1555 = FACE_BOUND('',#1556,.T.);
#1556 = EDGE_LOOP('',(#1557,#1558,#1559,#1567));
#1557 = ORIENTED_EDGE('',*,*,#754,.T.);
#1558 = ORIENTED_EDGE('',*,*,#1002,.F.);
#1559 = ORIENTED_EDGE('',*,*,#1560,.F.);
#1560 = EDGE_CURVE('',#1561,#995,#1563,.T.);
#1561 = VERTEX_POINT('',#1562);
#1562 = CARTESIAN_POINT('',(37.,100.,0.));
#1563 = LINE('',#1564,#1565);
#1564 = CARTESIAN_POINT('',(37.,100.,0.));
#1565 = VECTOR('',#1566,1.);
#1566 = DIRECTION('',(0.,0.,1.));
#1567 = ORIENTED_EDGE('',*,*,#1568,.T.);
#1568 = EDGE_CURVE('',#1561,#747,#1569,.T.);
#1569 = CIRCLE('',#1570,2.);
#1570 = AXIS2_PLACEMENT_3D('',#1571,#1572,#1573);
#1571 = CARTESIAN_POINT('',(35.,100.,0.));
#1572 = DIRECTION('',(-0.,0.,1.));
#1573 = DIRECTION('',(1.1E-16,-1.,0.));
#1574 = CYLINDRICAL_SURFACE('',#1575,2.);
#1575 = AXIS2_PLACEMENT_3D('',#1576,#1577,#1578);
#1576 = CARTESIAN_POINT('',(35.,100.,0.));
#1577 = DIRECTION('',(0.,0.,1.));
#1578 = DIRECTION('',(1.1E-16,-1.,0.));
#1579 = ADVANCED_FACE('',(#1580),#1592,.T.);
#1580 = FACE_BOUND('',#1581,.T.);
#1581 = EDGE_LOOP('',(#1582,#1583,#1590,#1591));
#1582 = ORIENTED_EDGE('',*,*,#746,.F.);
#1583 = ORIENTED_EDGE('',*,*,#1584,.T.);
#1584 = EDGE_CURVE('',#747,#832,#1585,.T.);
#1585 = CIRCLE('',#1586,2.);
#1586 = AXIS2_PLACEMENT_3D('',#1587,#1588,#1589);
#1587 = CARTESIAN_POINT('',(35.,100.,0.));
#1588 = DIRECTION('',(-1.,0.,2.E-16));
#1589 = DIRECTION('',(2.E-16,1.1E-16,1.));
#1590 = ORIENTED_EDGE('',*,*,#839,.T.);
#1591 = ORIENTED_EDGE('',*,*,#813,.F.);
#1592 = CYLINDRICAL_SURFACE('',#1593,2.);
#1593 = AXIS2_PLACEMENT_3D('',#1594,#1595,#1596);
#1594 = CARTESIAN_POINT('',(35.,100.,0.));
#1595 = DIRECTION('',(-1.,0.,2.E-16));
#1596 = DIRECTION('',(2.E-16,1.1E-16,1.));
#1597 = ADVANCED_FACE('',(#1598),#1637,.T.);
#1598 = FACE_BOUND('',#1599,.T.);
#1599 = EDGE_LOOP('',(#1600,#1608,#1615,#1616,#1623,#1631));
#1600 = ORIENTED_EDGE('',*,*,#1601,.F.);
#1601 = EDGE_CURVE('',#923,#1602,#1604,.T.);
#1602 = VERTEX_POINT('',#1603);
#1603 = CARTESIAN_POINT('',(37.,-20.,0.));
#1604 = LINE('',#1605,#1606);
#1605 = CARTESIAN_POINT('',(37.,-100.,0.));
#1606 = VECTOR('',#1607,1.);
#1607 = DIRECTION('',(0.,1.,0.));
#1608 = ORIENTED_EDGE('',*,*,#1609,.T.);
#1609 = EDGE_CURVE('',#923,#830,#1610,.T.);
#1610 = CIRCLE('',#1611,2.);
#1611 = AXIS2_PLACEMENT_3D('',#1612,#1613,#1614);
#1612 = CARTESIAN_POINT('',(35.,-100.,0.));
#1613 = DIRECTION('',(-0.,1.,0.));
#1614 = DIRECTION('',(1.1E-16,0.,1.));
#1615 = ORIENTED_EDGE('',*,*,#829,.T.);
#1616 = ORIENTED_EDGE('',*,*,#1617,.F.);
#1617 = EDGE_CURVE('',#1561,#832,#1618,.T.);
#1618 = CIRCLE('',#1619,2.);
#1619 = AXIS2_PLACEMENT_3D('',#1620,#1621,#1622);
#1620 = CARTESIAN_POINT('',(35.,100.,0.));
#1621 = DIRECTION('',(-0.,1.,0.));
#1622 = DIRECTION('',(1.1E-16,0.,1.));
#1623 = ORIENTED_EDGE('',*,*,#1624,.F.);
#1624 = EDGE_CURVE('',#1625,#1561,#1627,.T.);
#1625 = VERTEX_POINT('',#1626);
#1626 = CARTESIAN_POINT('',(37.,20.,0.));
#1627 = LINE('',#1628,#1629);
#1628 = CARTESIAN_POINT('',(37.,-100.,0.));
#1629 = VECTOR('',#1630,1.);
#1630 = DIRECTION('',(0.,1.,0.));
#1631 = ORIENTED_EDGE('',*,*,#1632,.F.);
#1632 = EDGE_CURVE('',#1602,#1625,#1633,.T.);
#1633 = LINE('',#1634,#1635);
#1634 = CARTESIAN_POINT('',(37.,-100.,0.));
#1635 = VECTOR('',#1636,1.);
#1636 = DIRECTION('',(0.,1.,0.));
#1637 = CYLINDRICAL_SURFACE('',#1638,2.);
#1638 = AXIS2_PLACEMENT_3D('',#1639,#1640,#1641);
#1639 = CARTESIAN_POINT('',(35.,-100.,0.));
#1640 = DIRECTION('',(0.,1.,0.));
#1641 = DIRECTION('',(1.1E-16,0.,1.));
#1642 = ADVANCED_FACE('',(#1643),#1648,.T.);
#1643 = FACE_BOUND('',#1644,.T.);
#1644 = EDGE_LOOP('',(#1645,#1646,#1647));
#1645 = ORIENTED_EDGE('',*,*,#930,.T.);
#1646 = ORIENTED_EDGE('',*,*,#897,.T.);
#1647 = ORIENTED_EDGE('',*,*,#1609,.F.);
#1648 = SPHERICAL_SURFACE('',#1649,2.);
#1649 = AXIS2_PLACEMENT_3D('',#1650,#1651,#1652);
#1650 = CARTESIAN_POINT('',(35.,-100.,0.));
#1651 = DIRECTION('',(0.,-0.707106781187,0.707106781187));
#1652 = DIRECTION('',(-0.57735026919,0.57735026919,0.57735026919));
#1653 = ADVANCED_FACE('',(#1654),#1665,.F.);
#1654 = FACE_BOUND('',#1655,.F.);
#1655 = EDGE_LOOP('',(#1656,#1657,#1658,#1659));
#1656 = ORIENTED_EDGE('',*,*,#1601,.F.);
#1657 = ORIENTED_EDGE('',*,*,#922,.T.);
#1658 = ORIENTED_EDGE('',*,*,#962,.T.);
#1659 = ORIENTED_EDGE('',*,*,#1660,.T.);
#1660 = EDGE_CURVE('',#963,#1602,#1661,.T.);
#1661 = LINE('',#1662,#1663);
#1662 = CARTESIAN_POINT('',(37.,-20.,30.));
#1663 = VECTOR('',#1664,1.);
#1664 = DIRECTION('',(0.,0.,-1.));
#1665 = PLANE('',#1666);
#1666 = AXIS2_PLACEMENT_3D('',#1667,#1668,#1669);
#1667 = CARTESIAN_POINT('',(37.,-100.,0.));
#1668 = DIRECTION('',(-1.,0.,0.));
#1669 = DIRECTION('',(0.,1.,0.));
#1670 = ADVANCED_FACE('',(#1671),#1696,.F.);
#1671 = FACE_BOUND('',#1672,.F.);
#1672 = EDGE_LOOP('',(#1673,#1674,#1682,#1690));
#1673 = ORIENTED_EDGE('',*,*,#1025,.F.);
#1674 = ORIENTED_EDGE('',*,*,#1675,.T.);
#1675 = EDGE_CURVE('',#946,#1676,#1678,.T.);
#1676 = VERTEX_POINT('',#1677);
#1677 = CARTESIAN_POINT('',(35.,35.,45.));
#1678 = LINE('',#1679,#1680);
#1679 = CARTESIAN_POINT('',(35.,35.,0.));
#1680 = VECTOR('',#1681,1.);
#1681 = DIRECTION('',(0.,0.,1.));
#1682 = ORIENTED_EDGE('',*,*,#1683,.T.);
#1683 = EDGE_CURVE('',#1676,#1684,#1686,.T.);
#1684 = VERTEX_POINT('',#1685);
#1685 = CARTESIAN_POINT('',(35.,85.,45.));
#1686 = LINE('',#1687,#1688);
#1687 = CARTESIAN_POINT('',(35.,35.,45.));
#1688 = VECTOR('',#1689,1.);
#1689 = DIRECTION('',(0.,1.,0.));
#1690 = ORIENTED_EDGE('',*,*,#1691,.F.);
#1691 = EDGE_CURVE('',#1018,#1684,#1692,.T.);
#1692 = LINE('',#1693,#1694);
#1693 = CARTESIAN_POINT('',(35.,85.,0.));
#1694 = VECTOR('',#1695,1.);
#1695 = DIRECTION('',(0.,0.,1.));
#1696 = PLANE('',#1697);
#1697 = AXIS2_PLACEMENT_3D('',#1698,#1699,#1700);
#1698 = CARTESIAN_POINT('',(35.,35.,0.));
#1699 = DIRECTION('',(-1.,0.,0.));
#1700 = DIRECTION('',(0.,1.,0.));
#1701 = ADVANCED_FACE('',(#1702),#1720,.F.);
#1702 = FACE_BOUND('',#1703,.F.);
#1703 = EDGE_LOOP('',(#1704,#1705,#1713,#1719));
#1704 = ORIENTED_EDGE('',*,*,#970,.T.);
#1705 = ORIENTED_EDGE('',*,*,#1706,.T.);
#1706 = EDGE_CURVE('',#971,#1707,#1709,.T.);
#1707 = VERTEX_POINT('',#1708);
#1708 = CARTESIAN_POINT('',(67.,-20.,0.));
#1709 = LINE('',#1710,#1711);
#1710 = CARTESIAN_POINT('',(67.,-20.,30.));
#1711 = VECTOR('',#1712,1.);
#1712 = DIRECTION('',(0.,0.,-1.));
#1713 = ORIENTED_EDGE('',*,*,#1714,.F.);
#1714 = EDGE_CURVE('',#1602,#1707,#1715,.T.);
#1715 = LINE('',#1716,#1717);
#1716 = CARTESIAN_POINT('',(37.,-20.,0.));
#1717 = VECTOR('',#1718,1.);
#1718 = DIRECTION('',(1.,0.,0.));
#1719 = ORIENTED_EDGE('',*,*,#1660,.F.);
#1720 = PLANE('',#1721);
#1721 = AXIS2_PLACEMENT_3D('',#1722,#1723,#1724);
#1722 = CARTESIAN_POINT('',(37.,-20.,30.));
#1723 = DIRECTION('',(0.,1.,0.));
#1724 = DIRECTION('',(0.,0.,-1.));
#1725 = ADVANCED_FACE('',(#1726),#1744,.T.);
#1726 = FACE_BOUND('',#1727,.T.);
#1727 = EDGE_LOOP('',(#1728,#1729,#1737,#1743));
#1728 = ORIENTED_EDGE('',*,*,#1706,.T.);
#1729 = ORIENTED_EDGE('',*,*,#1730,.T.);
#1730 = EDGE_CURVE('',#1707,#1731,#1733,.T.);
#1731 = VERTEX_POINT('',#1732);
#1732 = CARTESIAN_POINT('',(67.,20.,0.));
#1733 = LINE('',#1734,#1735);
#1734 = CARTESIAN_POINT('',(67.,-20.,0.));
#1735 = VECTOR('',#1736,1.);
#1736 = DIRECTION('',(0.,1.,0.));
#1737 = ORIENTED_EDGE('',*,*,#1738,.T.);
#1738 = EDGE_CURVE('',#1731,#979,#1739,.T.);
#1739 = LINE('',#1740,#1741);
#1740 = CARTESIAN_POINT('',(67.,20.,0.));
#1741 = VECTOR('',#1742,1.);
#1742 = DIRECTION('',(0.,0.,1.));
#1743 = ORIENTED_EDGE('',*,*,#978,.T.);
#1744 = PLANE('',#1745);
#1745 = AXIS2_PLACEMENT_3D('',#1746,#1747,#1748);
#1746 = CARTESIAN_POINT('',(67.,0.,15.));
#1747 = DIRECTION('',(1.,0.,0.));
#1748 = DIRECTION('',(0.,0.,1.));
#1749 = ADVANCED_FACE('',(#1750),#1761,.F.);
#1750 = FACE_BOUND('',#1751,.F.);
#1751 = EDGE_LOOP('',(#1752,#1753,#1759,#1760));
#1752 = ORIENTED_EDGE('',*,*,#1624,.F.);
#1753 = ORIENTED_EDGE('',*,*,#1754,.T.);
#1754 = EDGE_CURVE('',#1625,#987,#1755,.T.);
#1755 = LINE('',#1756,#1757);
#1756 = CARTESIAN_POINT('',(37.,20.,0.));
#1757 = VECTOR('',#1758,1.);
#1758 = DIRECTION('',(0.,0.,1.));
#1759 = ORIENTED_EDGE('',*,*,#994,.T.);
#1760 = ORIENTED_EDGE('',*,*,#1560,.F.);
#1761 = PLANE('',#1762);
#1762 = AXIS2_PLACEMENT_3D('',#1763,#1764,#1765);
#1763 = CARTESIAN_POINT('',(37.,-100.,0.));
#1764 = DIRECTION('',(-1.,0.,0.));
#1765 = DIRECTION('',(0.,1.,0.));
#1766 = ADVANCED_FACE('',(#1767),#1778,.F.);
#1767 = FACE_BOUND('',#1768,.F.);
#1768 = EDGE_LOOP('',(#1769,#1775,#1776,#1777));
#1769 = ORIENTED_EDGE('',*,*,#1770,.T.);
#1770 = EDGE_CURVE('',#1625,#1731,#1771,.T.);
#1771 = LINE('',#1772,#1773);
#1772 = CARTESIAN_POINT('',(37.,20.,0.));
#1773 = VECTOR('',#1774,1.);
#1774 = DIRECTION('',(1.,0.,0.));
#1775 = ORIENTED_EDGE('',*,*,#1738,.T.);
#1776 = ORIENTED_EDGE('',*,*,#986,.F.);
#1777 = ORIENTED_EDGE('',*,*,#1754,.F.);
#1778 = PLANE('',#1779);
#1779 = AXIS2_PLACEMENT_3D('',#1780,#1781,#1782);
#1780 = CARTESIAN_POINT('',(37.,20.,0.));
#1781 = DIRECTION('',(0.,-1.,0.));
#1782 = DIRECTION('',(0.,0.,1.));
#1783 = ADVANCED_FACE('',(#1784),#1803,.F.);
#1784 = FACE_BOUND('',#1785,.F.);
#1785 = EDGE_LOOP('',(#1786,#1794,#1801,#1802));
#1786 = ORIENTED_EDGE('',*,*,#1787,.F.);
#1787 = EDGE_CURVE('',#1788,#1034,#1790,.T.);
#1788 = VERTEX_POINT('',#1789);
#1789 = CARTESIAN_POINT('',(64.25,-1.E-15,0.));
#1790 = LINE('',#1791,#1792);
#1791 = CARTESIAN_POINT('',(64.25,-1.29E-15,0.));
#1792 = VECTOR('',#1793,1.);
#1793 = DIRECTION('',(0.,0.,1.));
#1794 = ORIENTED_EDGE('',*,*,#1795,.F.);
#1795 = EDGE_CURVE('',#1788,#1788,#1796,.T.);
#1796 = CIRCLE('',#1797,12.25);
#1797 = AXIS2_PLACEMENT_3D('',#1798,#1799,#1800);
#1798 = CARTESIAN_POINT('',(52.,-1.29E-15,0.));
#1799 = DIRECTION('',(0.,0.,-1.));
#1800 = DIRECTION('',(1.,0.,0.));
#1801 = ORIENTED_EDGE('',*,*,#1787,.T.);
#1802 = ORIENTED_EDGE('',*,*,#1033,.T.);
#1803 = CYLINDRICAL_SURFACE('',#1804,12.25);
#1804 = AXIS2_PLACEMENT_3D('',#1805,#1806,#1807);
#1805 = CARTESIAN_POINT('',(52.,-1.29E-15,0.));
#1806 = DIRECTION('',(0.,0.,-1.));
#1807 = DIRECTION('',(1.,0.,0.));
#1808 = ADVANCED_FACE('',(#1809),#1827,.F.);
#1809 = FACE_BOUND('',#1810,.F.);
#1810 = EDGE_LOOP('',(#1811,#1812,#1820,#1826));
#1811 = ORIENTED_EDGE('',*,*,#1399,.T.);
#1812 = ORIENTED_EDGE('',*,*,#1813,.T.);
#1813 = EDGE_CURVE('',#1392,#1814,#1816,.T.);
#1814 = VERTEX_POINT('',#1815);
#1815 = CARTESIAN_POINT('',(-30.,30.,45.));
#1816 = LINE('',#1817,#1818);
#1817 = CARTESIAN_POINT('',(-30.,35.,45.));
#1818 = VECTOR('',#1819,1.);
#1819 = DIRECTION('',(0.,-1.,0.));
#1820 = ORIENTED_EDGE('',*,*,#1821,.F.);
#1821 = EDGE_CURVE('',#1112,#1814,#1822,.T.);
#1822 = LINE('',#1823,#1824);
#1823 = CARTESIAN_POINT('',(-30.,30.,0.));
#1824 = VECTOR('',#1825,1.);
#1825 = DIRECTION('',(0.,0.,1.));
#1826 = ORIENTED_EDGE('',*,*,#1119,.F.);
#1827 = PLANE('',#1828);
#1828 = AXIS2_PLACEMENT_3D('',#1829,#1830,#1831);
#1829 = CARTESIAN_POINT('',(-30.,35.,0.));
#1830 = DIRECTION('',(1.,0.,0.));
#1831 = DIRECTION('',(0.,-1.,0.));
#1832 = ADVANCED_FACE('',(#1833),#1851,.F.);
#1833 = FACE_BOUND('',#1834,.F.);
#1834 = EDGE_LOOP('',(#1835,#1836,#1844,#1850));
#1835 = ORIENTED_EDGE('',*,*,#1821,.T.);
#1836 = ORIENTED_EDGE('',*,*,#1837,.T.);
#1837 = EDGE_CURVE('',#1814,#1838,#1840,.T.);
#1838 = VERTEX_POINT('',#1839);
#1839 = CARTESIAN_POINT('',(30.,30.,45.));
#1840 = LINE('',#1841,#1842);
#1841 = CARTESIAN_POINT('',(-30.,30.,45.));
#1842 = VECTOR('',#1843,1.);
#1843 = DIRECTION('',(1.,0.,0.));
#1844 = ORIENTED_EDGE('',*,*,#1845,.F.);
#1845 = EDGE_CURVE('',#1104,#1838,#1846,.T.);
#1846 = LINE('',#1847,#1848);
#1847 = CARTESIAN_POINT('',(30.,30.,0.));
#1848 = VECTOR('',#1849,1.);
#1849 = DIRECTION('',(0.,0.,1.));
#1850 = ORIENTED_EDGE('',*,*,#1111,.F.);
#1851 = PLANE('',#1852);
#1852 = AXIS2_PLACEMENT_3D('',#1853,#1854,#1855);
#1853 = CARTESIAN_POINT('',(-30.,30.,0.));
#1854 = DIRECTION('',(0.,1.,0.));
#1855 = DIRECTION('',(1.,0.,0.));
#1856 = ADVANCED_FACE('',(#1857),#1875,.F.);
#1857 = FACE_BOUND('',#1858,.F.);
#1858 = EDGE_LOOP('',(#1859,#1860,#1868,#1874));
#1859 = ORIENTED_EDGE('',*,*,#1845,.T.);
#1860 = ORIENTED_EDGE('',*,*,#1861,.T.);
#1861 = EDGE_CURVE('',#1838,#1862,#1864,.T.);
#1862 = VERTEX_POINT('',#1863);
#1863 = CARTESIAN_POINT('',(30.,35.,45.));
#1864 = LINE('',#1865,#1866);
#1865 = CARTESIAN_POINT('',(30.,30.,45.));
#1866 = VECTOR('',#1867,1.);
#1867 = DIRECTION('',(0.,1.,0.));
#1868 = ORIENTED_EDGE('',*,*,#1869,.F.);
#1869 = EDGE_CURVE('',#1096,#1862,#1870,.T.);
#1870 = LINE('',#1871,#1872);
#1871 = CARTESIAN_POINT('',(30.,35.,0.));
#1872 = VECTOR('',#1873,1.);
#1873 = DIRECTION('',(0.,0.,1.));
#1874 = ORIENTED_EDGE('',*,*,#1103,.F.);
#1875 = PLANE('',#1876);
#1876 = AXIS2_PLACEMENT_3D('',#1877,#1878,#1879);
#1877 = CARTESIAN_POINT('',(30.,30.,0.));
#1878 = DIRECTION('',(-1.,0.,0.));
#1879 = DIRECTION('',(0.,1.,0.));
#1880 = ADVANCED_FACE('',(#1881),#1893,.F.);
#1881 = FACE_BOUND('',#1882,.F.);
#1882 = EDGE_LOOP('',(#1883,#1884,#1890,#1891,#1892));
#1883 = ORIENTED_EDGE('',*,*,#1869,.T.);
#1884 = ORIENTED_EDGE('',*,*,#1885,.T.);
#1885 = EDGE_CURVE('',#1862,#1676,#1886,.T.);
#1886 = LINE('',#1887,#1888);
#1887 = CARTESIAN_POINT('',(30.,35.,45.));
#1888 = VECTOR('',#1889,1.);
#1889 = DIRECTION('',(1.,0.,0.));
#1890 = ORIENTED_EDGE('',*,*,#1675,.F.);
#1891 = ORIENTED_EDGE('',*,*,#1375,.F.);
#1892 = ORIENTED_EDGE('',*,*,#1095,.F.);
#1893 = PLANE('',#1894);
#1894 = AXIS2_PLACEMENT_3D('',#1895,#1896,#1897);
#1895 = CARTESIAN_POINT('',(30.,35.,0.));
#1896 = DIRECTION('',(0.,1.,0.));
#1897 = DIRECTION('',(1.,0.,0.));
#1898 = ADVANCED_FACE('',(#1899),#1905,.T.);
#1899 = FACE_BOUND('',#1900,.T.);
#1900 = EDGE_LOOP('',(#1901,#1902,#1903,#1904));
#1901 = ORIENTED_EDGE('',*,*,#1316,.T.);
#1902 = ORIENTED_EDGE('',*,*,#1331,.T.);
#1903 = ORIENTED_EDGE('',*,*,#1355,.F.);
#1904 = ORIENTED_EDGE('',*,*,#1072,.F.);
#1905 = PLANE('',#1906);
#1906 = AXIS2_PLACEMENT_3D('',#1907,#1908,#1909);
#1907 = CARTESIAN_POINT('',(-27.5,-95.,0.));
#1908 = DIRECTION('',(0.,1.,0.));
#1909 = DIRECTION('',(1.,0.,0.));
#1910 = ADVANCED_FACE('',(#1911),#1936,.F.);
#1911 = FACE_BOUND('',#1912,.F.);
#1912 = EDGE_LOOP('',(#1913,#1921,#1929,#1935));
#1913 = ORIENTED_EDGE('',*,*,#1914,.T.);
#1914 = EDGE_CURVE('',#1136,#1915,#1917,.T.);
#1915 = VERTEX_POINT('',#1916);
#1916 = CARTESIAN_POINT('',(32.5,-80.,45.));
#1917 = LINE('',#1918,#1919);
#1918 = CARTESIAN_POINT('',(32.5,-80.,0.));
#1919 = VECTOR('',#1920,1.);
#1920 = DIRECTION('',(0.,0.,1.));
#1921 = ORIENTED_EDGE('',*,*,#1922,.T.);
#1922 = EDGE_CURVE('',#1915,#1923,#1925,.T.);
#1923 = VERTEX_POINT('',#1924);
#1924 = CARTESIAN_POINT('',(32.5,-25.,45.));
#1925 = LINE('',#1926,#1927);
#1926 = CARTESIAN_POINT('',(32.5,-80.,45.));
#1927 = VECTOR('',#1928,1.);
#1928 = DIRECTION('',(0.,1.,0.));
#1929 = ORIENTED_EDGE('',*,*,#1930,.F.);
#1930 = EDGE_CURVE('',#1138,#1923,#1931,.T.);
#1931 = LINE('',#1932,#1933);
#1932 = CARTESIAN_POINT('',(32.5,-25.,0.));
#1933 = VECTOR('',#1934,1.);
#1934 = DIRECTION('',(0.,0.,1.));
#1935 = ORIENTED_EDGE('',*,*,#1135,.F.);
#1936 = PLANE('',#1937);
#1937 = AXIS2_PLACEMENT_3D('',#1938,#1939,#1940);
#1938 = CARTESIAN_POINT('',(32.5,-80.,0.));
#1939 = DIRECTION('',(-1.,0.,0.));
#1940 = DIRECTION('',(0.,1.,0.));
#1941 = ADVANCED_FACE('',(#1942),#1960,.F.);
#1942 = FACE_BOUND('',#1943,.F.);
#1943 = EDGE_LOOP('',(#1944,#1945,#1953,#1959));
#1944 = ORIENTED_EDGE('',*,*,#1930,.T.);
#1945 = ORIENTED_EDGE('',*,*,#1946,.T.);
#1946 = EDGE_CURVE('',#1923,#1947,#1949,.T.);
#1947 = VERTEX_POINT('',#1948);
#1948 = CARTESIAN_POINT('',(27.5,-25.,45.));
#1949 = LINE('',#1950,#1951);
#1950 = CARTESIAN_POINT('',(32.5,-25.,45.));
#1951 = VECTOR('',#1952,1.);
#1952 = DIRECTION('',(-1.,0.,0.));
#1953 = ORIENTED_EDGE('',*,*,#1954,.F.);
#1954 = EDGE_CURVE('',#1186,#1947,#1955,.T.);
#1955 = LINE('',#1956,#1957);
#1956 = CARTESIAN_POINT('',(27.5,-25.,0.));
#1957 = VECTOR('',#1958,1.);
#1958 = DIRECTION('',(0.,0.,1.));
#1959 = ORIENTED_EDGE('',*,*,#1193,.F.);
#1960 = PLANE('',#1961);
#1961 = AXIS2_PLACEMENT_3D('',#1962,#1963,#1964);
#1962 = CARTESIAN_POINT('',(32.5,-25.,0.));
#1963 = DIRECTION('',(0.,-1.,0.));
#1964 = DIRECTION('',(-1.,0.,0.));
#1965 = ADVANCED_FACE('',(#1966),#2007,.F.);
#1966 = FACE_BOUND('',#1967,.F.);
#1967 = EDGE_LOOP('',(#1968,#1969,#1970,#1978,#1984,#1985,#1993,#2001));
#1968 = ORIENTED_EDGE('',*,*,#1185,.F.);
#1969 = ORIENTED_EDGE('',*,*,#1954,.T.);
#1970 = ORIENTED_EDGE('',*,*,#1971,.T.);
#1971 = EDGE_CURVE('',#1947,#1972,#1974,.T.);
#1972 = VERTEX_POINT('',#1973);
#1973 = CARTESIAN_POINT('',(27.5,-80.,45.));
#1974 = LINE('',#1975,#1976);
#1975 = CARTESIAN_POINT('',(27.5,-25.,45.));
#1976 = VECTOR('',#1977,1.);
#1977 = DIRECTION('',(0.,-1.,0.));
#1978 = ORIENTED_EDGE('',*,*,#1979,.F.);
#1979 = EDGE_CURVE('',#1146,#1972,#1980,.T.);
#1980 = LINE('',#1981,#1982);
#1981 = CARTESIAN_POINT('',(27.5,-80.,0.));
#1982 = VECTOR('',#1983,1.);
#1983 = DIRECTION('',(0.,0.,1.));
#1984 = ORIENTED_EDGE('',*,*,#1153,.F.);
#1985 = ORIENTED_EDGE('',*,*,#1986,.T.);
#1986 = EDGE_CURVE('',#1154,#1987,#1989,.T.);
#1987 = VERTEX_POINT('',#1988);
#1988 = CARTESIAN_POINT('',(27.5,-70.,24.8));
#1989 = LINE('',#1990,#1991);
#1990 = CARTESIAN_POINT('',(27.5,-70.,0.));
#1991 = VECTOR('',#1992,1.);
#1992 = DIRECTION('',(0.,0.,1.));
#1993 = ORIENTED_EDGE('',*,*,#1994,.T.);
#1994 = EDGE_CURVE('',#1987,#1995,#1997,.T.);
#1995 = VERTEX_POINT('',#1996);
#1996 = CARTESIAN_POINT('',(27.5,-65.,24.8));
#1997 = LINE('',#1998,#1999);
#1998 = CARTESIAN_POINT('',(27.5,-70.,24.8));
#1999 = VECTOR('',#2000,1.);
#2000 = DIRECTION('',(0.,1.,0.));
#2001 = ORIENTED_EDGE('',*,*,#2002,.F.);
#2002 = EDGE_CURVE('',#1178,#1995,#2003,.T.);
#2003 = LINE('',#2004,#2005);
#2004 = CARTESIAN_POINT('',(27.5,-65.,0.));
#2005 = VECTOR('',#2006,1.);
#2006 = DIRECTION('',(0.,0.,1.));
#2007 = PLANE('',#2008);
#2008 = AXIS2_PLACEMENT_3D('',#2009,#2010,#2011);
#2009 = CARTESIAN_POINT('',(27.5,-25.,0.));
#2010 = DIRECTION('',(1.,0.,0.));
#2011 = DIRECTION('',(0.,-1.,0.));
#2012 = ADVANCED_FACE('',(#2013),#2031,.F.);
#2013 = FACE_BOUND('',#2014,.F.);
#2014 = EDGE_LOOP('',(#2015,#2016,#2024,#2030));
#2015 = ORIENTED_EDGE('',*,*,#2002,.T.);
#2016 = ORIENTED_EDGE('',*,*,#2017,.T.);
#2017 = EDGE_CURVE('',#1995,#2018,#2020,.T.);
#2018 = VERTEX_POINT('',#2019);
#2019 = CARTESIAN_POINT('',(22.5,-65.,24.8));
#2020 = LINE('',#2021,#2022);
#2021 = CARTESIAN_POINT('',(27.5,-65.,24.8));
#2022 = VECTOR('',#2023,1.);
#2023 = DIRECTION('',(-1.,0.,0.));
#2024 = ORIENTED_EDGE('',*,*,#2025,.F.);
#2025 = EDGE_CURVE('',#1170,#2018,#2026,.T.);
#2026 = LINE('',#2027,#2028);
#2027 = CARTESIAN_POINT('',(22.5,-65.,0.));
#2028 = VECTOR('',#2029,1.);
#2029 = DIRECTION('',(0.,0.,1.));
#2030 = ORIENTED_EDGE('',*,*,#1177,.F.);
#2031 = PLANE('',#2032);
#2032 = AXIS2_PLACEMENT_3D('',#2033,#2034,#2035);
#2033 = CARTESIAN_POINT('',(27.5,-65.,0.));
#2034 = DIRECTION('',(0.,-1.,0.));
#2035 = DIRECTION('',(-1.,0.,0.));
#2036 = ADVANCED_FACE('',(#2037),#2055,.F.);
#2037 = FACE_BOUND('',#2038,.F.);
#2038 = EDGE_LOOP('',(#2039,#2040,#2048,#2054));
#2039 = ORIENTED_EDGE('',*,*,#2025,.T.);
#2040 = ORIENTED_EDGE('',*,*,#2041,.T.);
#2041 = EDGE_CURVE('',#2018,#2042,#2044,.T.);
#2042 = VERTEX_POINT('',#2043);
#2043 = CARTESIAN_POINT('',(22.5,-70.,24.8));
#2044 = LINE('',#2045,#2046);
#2045 = CARTESIAN_POINT('',(22.5,-65.,24.8));
#2046 = VECTOR('',#2047,1.);
#2047 = DIRECTION('',(0.,-1.,0.));
#2048 = ORIENTED_EDGE('',*,*,#2049,.F.);
#2049 = EDGE_CURVE('',#1162,#2042,#2050,.T.);
#2050 = LINE('',#2051,#2052);
#2051 = CARTESIAN_POINT('',(22.5,-70.,0.));
#2052 = VECTOR('',#2053,1.);
#2053 = DIRECTION('',(0.,0.,1.));
#2054 = ORIENTED_EDGE('',*,*,#1169,.F.);
#2055 = PLANE('',#2056);
#2056 = AXIS2_PLACEMENT_3D('',#2057,#2058,#2059);
#2057 = CARTESIAN_POINT('',(22.5,-65.,0.));
#2058 = DIRECTION('',(1.,0.,0.));
#2059 = DIRECTION('',(0.,-1.,0.));
#2060 = ADVANCED_FACE('',(#2061),#2072,.F.);
#2061 = FACE_BOUND('',#2062,.F.);
#2062 = EDGE_LOOP('',(#2063,#2064,#2070,#2071));
#2063 = ORIENTED_EDGE('',*,*,#2049,.T.);
#2064 = ORIENTED_EDGE('',*,*,#2065,.T.);
#2065 = EDGE_CURVE('',#2042,#1987,#2066,.T.);
#2066 = LINE('',#2067,#2068);
#2067 = CARTESIAN_POINT('',(22.5,-70.,24.8));
#2068 = VECTOR('',#2069,1.);
#2069 = DIRECTION('',(1.,0.,0.));
#2070 = ORIENTED_EDGE('',*,*,#1986,.F.);
#2071 = ORIENTED_EDGE('',*,*,#1161,.F.);
#2072 = PLANE('',#2073);
#2073 = AXIS2_PLACEMENT_3D('',#2074,#2075,#2076);
#2074 = CARTESIAN_POINT('',(22.5,-70.,0.));
#2075 = DIRECTION('',(0.,1.,0.));
#2076 = DIRECTION('',(1.,0.,0.));
#2077 = ADVANCED_FACE('',(#2078),#2089,.F.);
#2078 = FACE_BOUND('',#2079,.F.);
#2079 = EDGE_LOOP('',(#2080,#2081,#2087,#2088));
#2080 = ORIENTED_EDGE('',*,*,#1979,.T.);
#2081 = ORIENTED_EDGE('',*,*,#2082,.T.);
#2082 = EDGE_CURVE('',#1972,#1915,#2083,.T.);
#2083 = LINE('',#2084,#2085);
#2084 = CARTESIAN_POINT('',(27.5,-80.,45.));
#2085 = VECTOR('',#2086,1.);
#2086 = DIRECTION('',(1.,0.,0.));
#2087 = ORIENTED_EDGE('',*,*,#1914,.F.);
#2088 = ORIENTED_EDGE('',*,*,#1145,.F.);
#2089 = PLANE('',#2090);
#2090 = AXIS2_PLACEMENT_3D('',#2091,#2092,#2093);
#2091 = CARTESIAN_POINT('',(27.5,-80.,0.));
#2092 = DIRECTION('',(0.,1.,0.));
#2093 = DIRECTION('',(1.,0.,0.));
#2094 = ADVANCED_FACE('',(#2095),#2120,.F.);
#2095 = FACE_BOUND('',#2096,.F.);
#2096 = EDGE_LOOP('',(#2097,#2105,#2113,#2119));
#2097 = ORIENTED_EDGE('',*,*,#2098,.T.);
#2098 = EDGE_CURVE('',#1202,#2099,#2101,.T.);
#2099 = VERTEX_POINT('',#2100);
#2100 = CARTESIAN_POINT('',(-27.5,-25.,45.));
#2101 = LINE('',#2102,#2103);
#2102 = CARTESIAN_POINT('',(-27.5,-25.,0.));
#2103 = VECTOR('',#2104,1.);
#2104 = DIRECTION('',(0.,0.,1.));
#2105 = ORIENTED_EDGE('',*,*,#2106,.T.);
#2106 = EDGE_CURVE('',#2099,#2107,#2109,.T.);
#2107 = VERTEX_POINT('',#2108);
#2108 = CARTESIAN_POINT('',(-32.5,-25.,45.));
#2109 = LINE('',#2110,#2111);
#2110 = CARTESIAN_POINT('',(-27.5,-25.,45.));
#2111 = VECTOR('',#2112,1.);
#2112 = DIRECTION('',(-1.,0.,0.));
#2113 = ORIENTED_EDGE('',*,*,#2114,.F.);
#2114 = EDGE_CURVE('',#1204,#2107,#2115,.T.);
#2115 = LINE('',#2116,#2117);
#2116 = CARTESIAN_POINT('',(-32.5,-25.,0.));
#2117 = VECTOR('',#2118,1.);
#2118 = DIRECTION('',(0.,0.,1.));
#2119 = ORIENTED_EDGE('',*,*,#1201,.F.);
#2120 = PLANE('',#2121);
#2121 = AXIS2_PLACEMENT_3D('',#2122,#2123,#2124);
#2122 = CARTESIAN_POINT('',(-27.5,-25.,0.));
#2123 = DIRECTION('',(0.,-1.,0.));
#2124 = DIRECTION('',(-1.,0.,0.));
#2125 = ADVANCED_FACE('',(#2126),#2144,.F.);
#2126 = FACE_BOUND('',#2127,.F.);
#2127 = EDGE_LOOP('',(#2128,#2129,#2137,#2143));
#2128 = ORIENTED_EDGE('',*,*,#2114,.T.);
#2129 = ORIENTED_EDGE('',*,*,#2130,.T.);
#2130 = EDGE_CURVE('',#2107,#2131,#2133,.T.);
#2131 = VERTEX_POINT('',#2132);
#2132 = CARTESIAN_POINT('',(-32.5,-75.,45.));
#2133 = LINE('',#2134,#2135);
#2134 = CARTESIAN_POINT('',(-32.5,-25.,45.));
#2135 = VECTOR('',#2136,1.);
#2136 = DIRECTION('',(0.,-1.,0.));
#2137 = ORIENTED_EDGE('',*,*,#2138,.F.);
#2138 = EDGE_CURVE('',#1252,#2131,#2139,.T.);
#2139 = LINE('',#2140,#2141);
#2140 = CARTESIAN_POINT('',(-32.5,-75.,0.));
#2141 = VECTOR('',#2142,1.);
#2142 = DIRECTION('',(0.,0.,1.));
#2143 = ORIENTED_EDGE('',*,*,#1259,.F.);
#2144 = PLANE('',#2145);
#2145 = AXIS2_PLACEMENT_3D('',#2146,#2147,#2148);
#2146 = CARTESIAN_POINT('',(-32.5,-25.,0.));
#2147 = DIRECTION('',(1.,0.,0.));
#2148 = DIRECTION('',(0.,-1.,0.));
#2149 = ADVANCED_FACE('',(#2150),#2168,.T.);
#2150 = FACE_BOUND('',#2151,.T.);
#2151 = EDGE_LOOP('',(#2152,#2160,#2166,#2167));
#2152 = ORIENTED_EDGE('',*,*,#2153,.T.);
#2153 = EDGE_CURVE('',#1244,#2154,#2156,.T.);
#2154 = VERTEX_POINT('',#2155);
#2155 = CARTESIAN_POINT('',(-27.5,-75.,45.));
#2156 = LINE('',#2157,#2158);
#2157 = CARTESIAN_POINT('',(-27.5,-75.,0.));
#2158 = VECTOR('',#2159,1.);
#2159 = DIRECTION('',(0.,0.,1.));
#2160 = ORIENTED_EDGE('',*,*,#2161,.T.);
#2161 = EDGE_CURVE('',#2154,#2131,#2162,.T.);
#2162 = LINE('',#2163,#2164);
#2163 = CARTESIAN_POINT('',(-27.5,-75.,45.));
#2164 = VECTOR('',#2165,1.);
#2165 = DIRECTION('',(-1.,0.,0.));
#2166 = ORIENTED_EDGE('',*,*,#2138,.F.);
#2167 = ORIENTED_EDGE('',*,*,#1251,.F.);
#2168 = PLANE('',#2169);
#2169 = AXIS2_PLACEMENT_3D('',#2170,#2171,#2172);
#2170 = CARTESIAN_POINT('',(-27.5,-75.,0.));
#2171 = DIRECTION('',(0.,-1.,0.));
#2172 = DIRECTION('',(-1.,0.,0.));
#2173 = ADVANCED_FACE('',(#2174),#2208,.T.);
#2174 = FACE_BOUND('',#2175,.T.);
#2175 = EDGE_LOOP('',(#2176,#2177,#2178,#2184,#2185,#2186,#2194,#2202));
#2176 = ORIENTED_EDGE('',*,*,#1211,.F.);
#2177 = ORIENTED_EDGE('',*,*,#2098,.T.);
#2178 = ORIENTED_EDGE('',*,*,#2179,.T.);
#2179 = EDGE_CURVE('',#2099,#2154,#2180,.T.);
#2180 = LINE('',#2181,#2182);
#2181 = CARTESIAN_POINT('',(-27.5,-25.,45.));
#2182 = VECTOR('',#2183,1.);
#2183 = DIRECTION('',(0.,-1.,0.));
#2184 = ORIENTED_EDGE('',*,*,#2153,.F.);
#2185 = ORIENTED_EDGE('',*,*,#1243,.F.);
#2186 = ORIENTED_EDGE('',*,*,#2187,.T.);
#2187 = EDGE_CURVE('',#1236,#2188,#2190,.T.);
#2188 = VERTEX_POINT('',#2189);
#2189 = CARTESIAN_POINT('',(-27.5,-70.,24.8));
#2190 = LINE('',#2191,#2192);
#2191 = CARTESIAN_POINT('',(-27.5,-70.,0.));
#2192 = VECTOR('',#2193,1.);
#2193 = DIRECTION('',(0.,0.,1.));
#2194 = ORIENTED_EDGE('',*,*,#2195,.T.);
#2195 = EDGE_CURVE('',#2188,#2196,#2198,.T.);
#2196 = VERTEX_POINT('',#2197);
#2197 = CARTESIAN_POINT('',(-27.5,-65.,24.8));
#2198 = LINE('',#2199,#2200);
#2199 = CARTESIAN_POINT('',(-27.5,-70.,24.8));
#2200 = VECTOR('',#2201,1.);
#2201 = DIRECTION('',(0.,1.,0.));
#2202 = ORIENTED_EDGE('',*,*,#2203,.F.);
#2203 = EDGE_CURVE('',#1212,#2196,#2204,.T.);
#2204 = LINE('',#2205,#2206);
#2205 = CARTESIAN_POINT('',(-27.5,-65.,0.));
#2206 = VECTOR('',#2207,1.);
#2207 = DIRECTION('',(0.,0.,1.));
#2208 = PLANE('',#2209);
#2209 = AXIS2_PLACEMENT_3D('',#2210,#2211,#2212);
#2210 = CARTESIAN_POINT('',(-27.5,-25.,0.));
#2211 = DIRECTION('',(1.,0.,0.));
#2212 = DIRECTION('',(0.,-1.,0.));
#2213 = ADVANCED_FACE('',(#2214),#2232,.T.);
#2214 = FACE_BOUND('',#2215,.T.);
#2215 = EDGE_LOOP('',(#2216,#2224,#2230,#2231));
#2216 = ORIENTED_EDGE('',*,*,#2217,.T.);
#2217 = EDGE_CURVE('',#1228,#2218,#2220,.T.);
#2218 = VERTEX_POINT('',#2219);
#2219 = CARTESIAN_POINT('',(-22.5,-70.,24.8));
#2220 = LINE('',#2221,#2222);
#2221 = CARTESIAN_POINT('',(-22.5,-70.,0.));
#2222 = VECTOR('',#2223,1.);
#2223 = DIRECTION('',(0.,0.,1.));
#2224 = ORIENTED_EDGE('',*,*,#2225,.T.);
#2225 = EDGE_CURVE('',#2218,#2188,#2226,.T.);
#2226 = LINE('',#2227,#2228);
#2227 = CARTESIAN_POINT('',(-22.5,-70.,24.8));
#2228 = VECTOR('',#2229,1.);
#2229 = DIRECTION('',(-1.,0.,0.));
#2230 = ORIENTED_EDGE('',*,*,#2187,.F.);
#2231 = ORIENTED_EDGE('',*,*,#1235,.F.);
#2232 = PLANE('',#2233);
#2233 = AXIS2_PLACEMENT_3D('',#2234,#2235,#2236);
#2234 = CARTESIAN_POINT('',(-22.5,-70.,0.));
#2235 = DIRECTION('',(0.,-1.,0.));
#2236 = DIRECTION('',(-1.,0.,0.));
#2237 = ADVANCED_FACE('',(#2238),#2256,.T.);
#2238 = FACE_BOUND('',#2239,.T.);
#2239 = EDGE_LOOP('',(#2240,#2248,#2254,#2255));
#2240 = ORIENTED_EDGE('',*,*,#2241,.T.);
#2241 = EDGE_CURVE('',#1220,#2242,#2244,.T.);
#2242 = VERTEX_POINT('',#2243);
#2243 = CARTESIAN_POINT('',(-22.5,-65.,24.8));
#2244 = LINE('',#2245,#2246);
#2245 = CARTESIAN_POINT('',(-22.5,-65.,0.));
#2246 = VECTOR('',#2247,1.);
#2247 = DIRECTION('',(0.,0.,1.));
#2248 = ORIENTED_EDGE('',*,*,#2249,.T.);
#2249 = EDGE_CURVE('',#2242,#2218,#2250,.T.);
#2250 = LINE('',#2251,#2252);
#2251 = CARTESIAN_POINT('',(-22.5,-65.,24.8));
#2252 = VECTOR('',#2253,1.);
#2253 = DIRECTION('',(0.,-1.,0.));
#2254 = ORIENTED_EDGE('',*,*,#2217,.F.);
#2255 = ORIENTED_EDGE('',*,*,#1227,.F.);
#2256 = PLANE('',#2257);
#2257 = AXIS2_PLACEMENT_3D('',#2258,#2259,#2260);
#2258 = CARTESIAN_POINT('',(-22.5,-65.,0.));
#2259 = DIRECTION('',(1.,0.,0.));
#2260 = DIRECTION('',(0.,-1.,0.));
#2261 = ADVANCED_FACE('',(#2262),#2273,.T.);
#2262 = FACE_BOUND('',#2263,.T.);
#2263 = EDGE_LOOP('',(#2264,#2265,#2271,#2272));
#2264 = ORIENTED_EDGE('',*,*,#2203,.T.);
#2265 = ORIENTED_EDGE('',*,*,#2266,.T.);
#2266 = EDGE_CURVE('',#2196,#2242,#2267,.T.);
#2267 = LINE('',#2268,#2269);
#2268 = CARTESIAN_POINT('',(-27.5,-65.,24.8));
#2269 = VECTOR('',#2270,1.);
#2270 = DIRECTION('',(1.,0.,0.));
#2271 = ORIENTED_EDGE('',*,*,#2241,.F.);
#2272 = ORIENTED_EDGE('',*,*,#1219,.F.);
#2273 = PLANE('',#2274);
#2274 = AXIS2_PLACEMENT_3D('',#2275,#2276,#2277);
#2275 = CARTESIAN_POINT('',(-27.5,-65.,0.));
#2276 = DIRECTION('',(0.,1.,0.));
#2277 = DIRECTION('',(1.,0.,0.));
#2278 = ADVANCED_FACE('',(#2279),#2320,.T.);
#2279 = FACE_BOUND('',#2280,.T.);
#2280 = EDGE_LOOP('',(#2281,#2289,#2290,#2298,#2306,#2314));
#2281 = ORIENTED_EDGE('',*,*,#2282,.F.);
#2282 = EDGE_CURVE('',#1268,#2283,#2285,.T.);
#2283 = VERTEX_POINT('',#2284);
#2284 = CARTESIAN_POINT('',(-12.5,-20.,45.));
#2285 = LINE('',#2286,#2287);
#2286 = CARTESIAN_POINT('',(-12.5,-20.,0.));
#2287 = VECTOR('',#2288,1.);
#2288 = DIRECTION('',(0.,0.,1.));
#2289 = ORIENTED_EDGE('',*,*,#1267,.T.);
#2290 = ORIENTED_EDGE('',*,*,#2291,.T.);
#2291 = EDGE_CURVE('',#1270,#2292,#2294,.T.);
#2292 = VERTEX_POINT('',#2293);
#2293 = CARTESIAN_POINT('',(-12.5,-32.,24.8));
#2294 = LINE('',#2295,#2296);
#2295 = CARTESIAN_POINT('',(-12.5,-32.,0.));
#2296 = VECTOR('',#2297,1.);
#2297 = DIRECTION('',(0.,0.,1.));
#2298 = ORIENTED_EDGE('',*,*,#2299,.F.);
#2299 = EDGE_CURVE('',#2300,#2292,#2302,.T.);
#2300 = VERTEX_POINT('',#2301);
#2301 = CARTESIAN_POINT('',(-12.5,-25.,24.8));
#2302 = LINE('',#2303,#2304);
#2303 = CARTESIAN_POINT('',(-12.5,-25.,24.8));
#2304 = VECTOR('',#2305,1.);
#2305 = DIRECTION('',(0.,-1.,0.));
#2306 = ORIENTED_EDGE('',*,*,#2307,.T.);
#2307 = EDGE_CURVE('',#2300,#2308,#2310,.T.);
#2308 = VERTEX_POINT('',#2309);
#2309 = CARTESIAN_POINT('',(-12.5,-25.,45.));
#2310 = LINE('',#2311,#2312);
#2311 = CARTESIAN_POINT('',(-12.5,-25.,0.));
#2312 = VECTOR('',#2313,1.);
#2313 = DIRECTION('',(0.,0.,1.));
#2314 = ORIENTED_EDGE('',*,*,#2315,.F.);
#2315 = EDGE_CURVE('',#2283,#2308,#2316,.T.);
#2316 = LINE('',#2317,#2318);
#2317 = CARTESIAN_POINT('',(-12.5,-20.,45.));
#2318 = VECTOR('',#2319,1.);
#2319 = DIRECTION('',(0.,-1.,0.));
#2320 = PLANE('',#2321);
#2321 = AXIS2_PLACEMENT_3D('',#2322,#2323,#2324);
#2322 = CARTESIAN_POINT('',(-12.5,-24.7596491228,21.259649122807));
#2323 = DIRECTION('',(-1.,-0.,-0.));
#2324 = DIRECTION('',(0.,0.,-1.));
#2325 = ADVANCED_FACE('',(#2326),#2344,.F.);
#2326 = FACE_BOUND('',#2327,.F.);
#2327 = EDGE_LOOP('',(#2328,#2329,#2337,#2343));
#2328 = ORIENTED_EDGE('',*,*,#2291,.T.);
#2329 = ORIENTED_EDGE('',*,*,#2330,.T.);
#2330 = EDGE_CURVE('',#2292,#2331,#2333,.T.);
#2331 = VERTEX_POINT('',#2332);
#2332 = CARTESIAN_POINT('',(12.5,-32.,24.8));
#2333 = LINE('',#2334,#2335);
#2334 = CARTESIAN_POINT('',(-12.5,-32.,24.8));
#2335 = VECTOR('',#2336,1.);
#2336 = DIRECTION('',(1.,0.,0.));
#2337 = ORIENTED_EDGE('',*,*,#2338,.F.);
#2338 = EDGE_CURVE('',#1286,#2331,#2339,.T.);
#2339 = LINE('',#2340,#2341);
#2340 = CARTESIAN_POINT('',(12.5,-32.,0.));
#2341 = VECTOR('',#2342,1.);
#2342 = DIRECTION('',(0.,0.,1.));
#2343 = ORIENTED_EDGE('',*,*,#1293,.F.);
#2344 = PLANE('',#2345);
#2345 = AXIS2_PLACEMENT_3D('',#2346,#2347,#2348);
#2346 = CARTESIAN_POINT('',(-12.5,-32.,0.));
#2347 = DIRECTION('',(0.,1.,0.));
#2348 = DIRECTION('',(1.,0.,0.));
#2349 = ADVANCED_FACE('',(#2350),#2384,.T.);
#2350 = FACE_BOUND('',#2351,.T.);
#2351 = EDGE_LOOP('',(#2352,#2353,#2354,#2362,#2370,#2378));
#2352 = ORIENTED_EDGE('',*,*,#2338,.F.);
#2353 = ORIENTED_EDGE('',*,*,#1285,.T.);
#2354 = ORIENTED_EDGE('',*,*,#2355,.T.);
#2355 = EDGE_CURVE('',#1278,#2356,#2358,.T.);
#2356 = VERTEX_POINT('',#2357);
#2357 = CARTESIAN_POINT('',(12.5,-20.,45.));
#2358 = LINE('',#2359,#2360);
#2359 = CARTESIAN_POINT('',(12.5,-20.,0.));
#2360 = VECTOR('',#2361,1.);
#2361 = DIRECTION('',(0.,0.,1.));
#2362 = ORIENTED_EDGE('',*,*,#2363,.F.);
#2363 = EDGE_CURVE('',#2364,#2356,#2366,.T.);
#2364 = VERTEX_POINT('',#2365);
#2365 = CARTESIAN_POINT('',(12.5,-25.,45.));
#2366 = LINE('',#2367,#2368);
#2367 = CARTESIAN_POINT('',(12.5,-25.,45.));
#2368 = VECTOR('',#2369,1.);
#2369 = DIRECTION('',(0.,1.,0.));
#2370 = ORIENTED_EDGE('',*,*,#2371,.F.);
#2371 = EDGE_CURVE('',#2372,#2364,#2374,.T.);
#2372 = VERTEX_POINT('',#2373);
#2373 = CARTESIAN_POINT('',(12.5,-25.,24.8));
#2374 = LINE('',#2375,#2376);
#2375 = CARTESIAN_POINT('',(12.5,-25.,0.));
#2376 = VECTOR('',#2377,1.);
#2377 = DIRECTION('',(0.,0.,1.));
#2378 = ORIENTED_EDGE('',*,*,#2379,.F.);
#2379 = EDGE_CURVE('',#2331,#2372,#2380,.T.);
#2380 = LINE('',#2381,#2382);
#2381 = CARTESIAN_POINT('',(12.5,-32.,24.8));
#2382 = VECTOR('',#2383,1.);
#2383 = DIRECTION('',(0.,1.,0.));
#2384 = PLANE('',#2385);
#2385 = AXIS2_PLACEMENT_3D('',#2386,#2387,#2388);
#2386 = CARTESIAN_POINT('',(12.5,-24.7596491228,21.259649122807));
#2387 = DIRECTION('',(1.,0.,0.));
#2388 = DIRECTION('',(0.,0.,1.));
#2389 = ADVANCED_FACE('',(#2390),#2401,.F.);
#2390 = FACE_BOUND('',#2391,.F.);
#2391 = EDGE_LOOP('',(#2392,#2393,#2399,#2400));
#2392 = ORIENTED_EDGE('',*,*,#2355,.T.);
#2393 = ORIENTED_EDGE('',*,*,#2394,.T.);
#2394 = EDGE_CURVE('',#2356,#2283,#2395,.T.);
#2395 = LINE('',#2396,#2397);
#2396 = CARTESIAN_POINT('',(12.5,-20.,45.));
#2397 = VECTOR('',#2398,1.);
#2398 = DIRECTION('',(-1.,0.,0.));
#2399 = ORIENTED_EDGE('',*,*,#2282,.F.);
#2400 = ORIENTED_EDGE('',*,*,#1277,.F.);
#2401 = PLANE('',#2402);
#2402 = AXIS2_PLACEMENT_3D('',#2403,#2404,#2405);
#2403 = CARTESIAN_POINT('',(12.5,-20.,0.));
#2404 = DIRECTION('',(0.,-1.,0.));
#2405 = DIRECTION('',(-1.,0.,0.));
#2406 = ADVANCED_FACE('',(#2407),#2418,.F.);
#2407 = FACE_BOUND('',#2408,.F.);
#2408 = EDGE_LOOP('',(#2409,#2410,#2411,#2412));
#2409 = ORIENTED_EDGE('',*,*,#1399,.T.);
#2410 = ORIENTED_EDGE('',*,*,#1415,.T.);
#2411 = ORIENTED_EDGE('',*,*,#1438,.F.);
#2412 = ORIENTED_EDGE('',*,*,#2413,.F.);
#2413 = EDGE_CURVE('',#1120,#1439,#2414,.T.);
#2414 = LINE('',#2415,#2416);
#2415 = CARTESIAN_POINT('',(-30.,35.,0.));
#2416 = VECTOR('',#2417,1.);
#2417 = DIRECTION('',(0.,1.,0.));
#2418 = PLANE('',#2419);
#2419 = AXIS2_PLACEMENT_3D('',#2420,#2421,#2422);
#2420 = CARTESIAN_POINT('',(-30.,35.,0.));
#2421 = DIRECTION('',(-1.,0.,0.));
#2422 = DIRECTION('',(0.,1.,0.));
#2423 = ADVANCED_FACE('',(#2424),#2443,.F.);
#2424 = FACE_BOUND('',#2425,.F.);
#2425 = EDGE_LOOP('',(#2426,#2427,#2428,#2436,#2442));
#2426 = ORIENTED_EDGE('',*,*,#1542,.T.);
#2427 = ORIENTED_EDGE('',*,*,#1691,.T.);
#2428 = ORIENTED_EDGE('',*,*,#2429,.T.);
#2429 = EDGE_CURVE('',#1684,#2430,#2432,.T.);
#2430 = VERTEX_POINT('',#2431);
#2431 = CARTESIAN_POINT('',(30.,85.,45.));
#2432 = LINE('',#2433,#2434);
#2433 = CARTESIAN_POINT('',(35.,85.,45.));
#2434 = VECTOR('',#2435,1.);
#2435 = DIRECTION('',(-1.,0.,0.));
#2436 = ORIENTED_EDGE('',*,*,#2437,.F.);
#2437 = EDGE_CURVE('',#1466,#2430,#2438,.T.);
#2438 = LINE('',#2439,#2440);
#2439 = CARTESIAN_POINT('',(30.,85.,0.));
#2440 = VECTOR('',#2441,1.);
#2441 = DIRECTION('',(0.,0.,1.));
#2442 = ORIENTED_EDGE('',*,*,#1463,.F.);
#2443 = PLANE('',#2444);
#2444 = AXIS2_PLACEMENT_3D('',#2445,#2446,#2447);
#2445 = CARTESIAN_POINT('',(35.,85.,0.));
#2446 = DIRECTION('',(0.,-1.,0.));
#2447 = DIRECTION('',(-1.,0.,0.));
#2448 = ADVANCED_FACE('',(#2449),#2467,.F.);
#2449 = FACE_BOUND('',#2450,.F.);
#2450 = EDGE_LOOP('',(#2451,#2452,#2460,#2466));
#2451 = ORIENTED_EDGE('',*,*,#2437,.T.);
#2452 = ORIENTED_EDGE('',*,*,#2453,.T.);
#2453 = EDGE_CURVE('',#2430,#2454,#2456,.T.);
#2454 = VERTEX_POINT('',#2455);
#2455 = CARTESIAN_POINT('',(30.,90.,45.));
#2456 = LINE('',#2457,#2458);
#2457 = CARTESIAN_POINT('',(30.,85.,45.));
#2458 = VECTOR('',#2459,1.);
#2459 = DIRECTION('',(0.,1.,0.));
#2460 = ORIENTED_EDGE('',*,*,#2461,.F.);
#2461 = EDGE_CURVE('',#1491,#2454,#2462,.T.);
#2462 = LINE('',#2463,#2464);
#2463 = CARTESIAN_POINT('',(30.,90.,0.));
#2464 = VECTOR('',#2465,1.);
#2465 = DIRECTION('',(0.,0.,1.));
#2466 = ORIENTED_EDGE('',*,*,#1498,.F.);
#2467 = PLANE('',#2468);
#2468 = AXIS2_PLACEMENT_3D('',#2469,#2470,#2471);
#2469 = CARTESIAN_POINT('',(30.,85.,0.));
#2470 = DIRECTION('',(-1.,0.,0.));
#2471 = DIRECTION('',(0.,1.,0.));
#2472 = ADVANCED_FACE('',(#2473),#2491,.F.);
#2473 = FACE_BOUND('',#2474,.F.);
#2474 = EDGE_LOOP('',(#2475,#2476,#2484,#2490));
#2475 = ORIENTED_EDGE('',*,*,#2461,.T.);
#2476 = ORIENTED_EDGE('',*,*,#2477,.T.);
#2477 = EDGE_CURVE('',#2454,#2478,#2480,.T.);
#2478 = VERTEX_POINT('',#2479);
#2479 = CARTESIAN_POINT('',(-30.,90.,45.));
#2480 = LINE('',#2481,#2482);
#2481 = CARTESIAN_POINT('',(30.,90.,45.));
#2482 = VECTOR('',#2483,1.);
#2483 = DIRECTION('',(-1.,0.,0.));
#2484 = ORIENTED_EDGE('',*,*,#2485,.F.);
#2485 = EDGE_CURVE('',#1483,#2478,#2486,.T.);
#2486 = LINE('',#2487,#2488);
#2487 = CARTESIAN_POINT('',(-30.,90.,0.));
#2488 = VECTOR('',#2489,1.);
#2489 = DIRECTION('',(0.,0.,1.));
#2490 = ORIENTED_EDGE('',*,*,#1490,.F.);
#2491 = PLANE('',#2492);
#2492 = AXIS2_PLACEMENT_3D('',#2493,#2494,#2495);
#2493 = CARTESIAN_POINT('',(30.,90.,0.));
#2494 = DIRECTION('',(0.,-1.,0.));
#2495 = DIRECTION('',(-1.,0.,0.));
#2496 = ADVANCED_FACE('',(#2497),#2508,.F.);
#2497 = FACE_BOUND('',#2498,.F.);
#2498 = EDGE_LOOP('',(#2499,#2500,#2506,#2507));
#2499 = ORIENTED_EDGE('',*,*,#2485,.T.);
#2500 = ORIENTED_EDGE('',*,*,#2501,.T.);
#2501 = EDGE_CURVE('',#2478,#1416,#2502,.T.);
#2502 = LINE('',#2503,#2504);
#2503 = CARTESIAN_POINT('',(-30.,90.,45.));
#2504 = VECTOR('',#2505,1.);
#2505 = DIRECTION('',(0.,-1.,0.));
#2506 = ORIENTED_EDGE('',*,*,#1438,.F.);
#2507 = ORIENTED_EDGE('',*,*,#1482,.F.);
#2508 = PLANE('',#2509);
#2509 = AXIS2_PLACEMENT_3D('',#2510,#2511,#2512);
#2510 = CARTESIAN_POINT('',(-30.,90.,0.));
#2511 = DIRECTION('',(1.,0.,0.));
#2512 = DIRECTION('',(0.,-1.,0.));
#2513 = ADVANCED_FACE('',(#2514),#2519,.T.);
#2514 = FACE_BOUND('',#2515,.T.);
#2515 = EDGE_LOOP('',(#2516,#2517,#2518));
#2516 = ORIENTED_EDGE('',*,*,#1568,.F.);
#2517 = ORIENTED_EDGE('',*,*,#1617,.T.);
#2518 = ORIENTED_EDGE('',*,*,#1584,.F.);
#2519 = SPHERICAL_SURFACE('',#2520,2.);
#2520 = AXIS2_PLACEMENT_3D('',#2521,#2522,#2523);
#2521 = CARTESIAN_POINT('',(35.,100.,0.));
#2522 = DIRECTION('',(0.,-0.707106781187,-0.707106781187));
#2523 = DIRECTION('',(-0.57735026919,-0.57735026919,0.57735026919));
#2524 = ADVANCED_FACE('',(#2525,#2531),#2534,.F.);
#2525 = FACE_BOUND('',#2526,.F.);
#2526 = EDGE_LOOP('',(#2527,#2528,#2529,#2530));
#2527 = ORIENTED_EDGE('',*,*,#1714,.T.);
#2528 = ORIENTED_EDGE('',*,*,#1730,.T.);
#2529 = ORIENTED_EDGE('',*,*,#1770,.F.);
#2530 = ORIENTED_EDGE('',*,*,#1632,.F.);
#2531 = FACE_BOUND('',#2532,.F.);
#2532 = EDGE_LOOP('',(#2533));
#2533 = ORIENTED_EDGE('',*,*,#1795,.T.);
#2534 = PLANE('',#2535);
#2535 = AXIS2_PLACEMENT_3D('',#2536,#2537,#2538);
#2536 = CARTESIAN_POINT('',(37.,-20.,0.));
#2537 = DIRECTION('',(0.,0.,1.));
#2538 = DIRECTION('',(0.,1.,0.));
#2539 = ADVANCED_FACE('',(#2540),#2551,.T.);
#2540 = FACE_BOUND('',#2541,.T.);
#2541 = EDGE_LOOP('',(#2542,#2543,#2544,#2545));
#2542 = ORIENTED_EDGE('',*,*,#1885,.T.);
#2543 = ORIENTED_EDGE('',*,*,#1683,.T.);
#2544 = ORIENTED_EDGE('',*,*,#2429,.T.);
#2545 = ORIENTED_EDGE('',*,*,#2546,.T.);
#2546 = EDGE_CURVE('',#2430,#1862,#2547,.T.);
#2547 = LINE('',#2548,#2549);
#2548 = CARTESIAN_POINT('',(30.,85.,45.));
#2549 = VECTOR('',#2550,1.);
#2550 = DIRECTION('',(0.,-1.,0.));
#2551 = PLANE('',#2552);
#2552 = AXIS2_PLACEMENT_3D('',#2553,#2554,#2555);
#2553 = CARTESIAN_POINT('',(0.38961038961,20.324675324675,45.));
#2554 = DIRECTION('',(0.,0.,1.));
#2555 = DIRECTION('',(1.,0.,0.));
#2556 = ADVANCED_FACE('',(#2557),#2568,.T.);
#2557 = FACE_BOUND('',#2558,.T.);
#2558 = EDGE_LOOP('',(#2559,#2560,#2566,#2567));
#2559 = ORIENTED_EDGE('',*,*,#1861,.T.);
#2560 = ORIENTED_EDGE('',*,*,#2561,.T.);
#2561 = EDGE_CURVE('',#1862,#1392,#2562,.T.);
#2562 = LINE('',#2563,#2564);
#2563 = CARTESIAN_POINT('',(30.,35.,45.));
#2564 = VECTOR('',#2565,1.);
#2565 = DIRECTION('',(-1.,0.,0.));
#2566 = ORIENTED_EDGE('',*,*,#1813,.T.);
#2567 = ORIENTED_EDGE('',*,*,#1837,.T.);
#2568 = PLANE('',#2569);
#2569 = AXIS2_PLACEMENT_3D('',#2570,#2571,#2572);
#2570 = CARTESIAN_POINT('',(0.38961038961,20.324675324675,45.));
#2571 = DIRECTION('',(0.,0.,1.));
#2572 = DIRECTION('',(1.,0.,0.));
#2573 = ADVANCED_FACE('',(#2574),#2580,.T.);
#2574 = FACE_BOUND('',#2575,.T.);
#2575 = EDGE_LOOP('',(#2576,#2577,#2578,#2579));
#2576 = ORIENTED_EDGE('',*,*,#1922,.T.);
#2577 = ORIENTED_EDGE('',*,*,#1946,.T.);
#2578 = ORIENTED_EDGE('',*,*,#1971,.T.);
#2579 = ORIENTED_EDGE('',*,*,#2082,.T.);
#2580 = PLANE('',#2581);
#2581 = AXIS2_PLACEMENT_3D('',#2582,#2583,#2584);
#2582 = CARTESIAN_POINT('',(0.38961038961,20.324675324675,45.));
#2583 = DIRECTION('',(0.,0.,1.));
#2584 = DIRECTION('',(1.,0.,0.));
#2585 = ADVANCED_FACE('',(#2586),#2592,.T.);
#2586 = FACE_BOUND('',#2587,.T.);
#2587 = EDGE_LOOP('',(#2588,#2589,#2590,#2591));
#2588 = ORIENTED_EDGE('',*,*,#2017,.T.);
#2589 = ORIENTED_EDGE('',*,*,#2041,.T.);
#2590 = ORIENTED_EDGE('',*,*,#2065,.T.);
#2591 = ORIENTED_EDGE('',*,*,#1994,.T.);
#2592 = PLANE('',#2593);
#2593 = AXIS2_PLACEMENT_3D('',#2594,#2595,#2596);
#2594 = CARTESIAN_POINT('',(1.3E-16,-72.42857142857,24.8));
#2595 = DIRECTION('',(0.,0.,1.));
#2596 = DIRECTION('',(1.,0.,0.));
#2597 = ADVANCED_FACE('',(#2598),#2604,.T.);
#2598 = FACE_BOUND('',#2599,.T.);
#2599 = EDGE_LOOP('',(#2600,#2601,#2602,#2603));
#2600 = ORIENTED_EDGE('',*,*,#2179,.F.);
#2601 = ORIENTED_EDGE('',*,*,#2106,.T.);
#2602 = ORIENTED_EDGE('',*,*,#2130,.T.);
#2603 = ORIENTED_EDGE('',*,*,#2161,.F.);
#2604 = PLANE('',#2605);
#2605 = AXIS2_PLACEMENT_3D('',#2606,#2607,#2608);
#2606 = CARTESIAN_POINT('',(0.38961038961,20.324675324675,45.));
#2607 = DIRECTION('',(0.,0.,1.));
#2608 = DIRECTION('',(1.,0.,0.));
#2609 = ADVANCED_FACE('',(#2610),#2616,.T.);
#2610 = FACE_BOUND('',#2611,.F.);
#2611 = EDGE_LOOP('',(#2612,#2613,#2614,#2615));
#2612 = ORIENTED_EDGE('',*,*,#2195,.T.);
#2613 = ORIENTED_EDGE('',*,*,#2266,.T.);
#2614 = ORIENTED_EDGE('',*,*,#2249,.T.);
#2615 = ORIENTED_EDGE('',*,*,#2225,.T.);
#2616 = PLANE('',#2617);
#2617 = AXIS2_PLACEMENT_3D('',#2618,#2619,#2620);
#2618 = CARTESIAN_POINT('',(1.3E-16,-72.42857142857,24.8));
#2619 = DIRECTION('',(0.,0.,1.));
#2620 = DIRECTION('',(1.,0.,0.));
#2621 = ADVANCED_FACE('',(#2622),#2633,.T.);
#2622 = FACE_BOUND('',#2623,.T.);
#2623 = EDGE_LOOP('',(#2624,#2625,#2626,#2627));
#2624 = ORIENTED_EDGE('',*,*,#2299,.T.);
#2625 = ORIENTED_EDGE('',*,*,#2330,.T.);
#2626 = ORIENTED_EDGE('',*,*,#2379,.T.);
#2627 = ORIENTED_EDGE('',*,*,#2628,.T.);
#2628 = EDGE_CURVE('',#2372,#2300,#2629,.T.);
#2629 = LINE('',#2630,#2631);
#2630 = CARTESIAN_POINT('',(12.5,-25.,24.8));
#2631 = VECTOR('',#2632,1.);
#2632 = DIRECTION('',(-1.,0.,0.));
#2633 = PLANE('',#2634);
#2634 = AXIS2_PLACEMENT_3D('',#2635,#2636,#2637);
#2635 = CARTESIAN_POINT('',(1.3E-16,-72.42857142857,24.8));
#2636 = DIRECTION('',(0.,0.,1.));
#2637 = DIRECTION('',(1.,0.,0.));
#2638 = ADVANCED_FACE('',(#2639),#2650,.F.);
#2639 = FACE_BOUND('',#2640,.F.);
#2640 = EDGE_LOOP('',(#2641,#2642,#2643,#2649));
#2641 = ORIENTED_EDGE('',*,*,#2628,.T.);
#2642 = ORIENTED_EDGE('',*,*,#2307,.T.);
#2643 = ORIENTED_EDGE('',*,*,#2644,.T.);
#2644 = EDGE_CURVE('',#2308,#2364,#2645,.T.);
#2645 = LINE('',#2646,#2647);
#2646 = CARTESIAN_POINT('',(-12.5,-25.,45.));
#2647 = VECTOR('',#2648,1.);
#2648 = DIRECTION('',(1.,0.,0.));
#2649 = ORIENTED_EDGE('',*,*,#2371,.F.);
#2650 = PLANE('',#2651);
#2651 = AXIS2_PLACEMENT_3D('',#2652,#2653,#2654);
#2652 = CARTESIAN_POINT('',(-12.5,-25.,0.));
#2653 = DIRECTION('',(0.,1.,0.));
#2654 = DIRECTION('',(1.,0.,0.));
#2655 = ADVANCED_FACE('',(#2656),#2662,.T.);
#2656 = FACE_BOUND('',#2657,.T.);
#2657 = EDGE_LOOP('',(#2658,#2659,#2660,#2661));
#2658 = ORIENTED_EDGE('',*,*,#2315,.T.);
#2659 = ORIENTED_EDGE('',*,*,#2644,.T.);
#2660 = ORIENTED_EDGE('',*,*,#2363,.T.);
#2661 = ORIENTED_EDGE('',*,*,#2394,.T.);
#2662 = PLANE('',#2663);
#2663 = AXIS2_PLACEMENT_3D('',#2664,#2665,#2666);
#2664 = CARTESIAN_POINT('',(0.38961038961,20.324675324675,45.));
#2665 = DIRECTION('',(0.,0.,1.));
#2666 = DIRECTION('',(1.,0.,0.));
#2667 = ADVANCED_FACE('',(#2668),#2689,.T.);
#2668 = FACE_BOUND('',#2669,.T.);
#2669 = EDGE_LOOP('',(#2670,#2676,#2682,#2688));
#2670 = ORIENTED_EDGE('',*,*,#2671,.F.);
#2671 = EDGE_CURVE('',#1096,#1120,#2672,.T.);
#2672 = LINE('',#2673,#2674);
#2673 = CARTESIAN_POINT('',(30.,35.,0.));
#2674 = VECTOR('',#2675,1.);
#2675 = DIRECTION('',(-1.,0.,0.));
#2676 = ORIENTED_EDGE('',*,*,#2677,.F.);
#2677 = EDGE_CURVE('',#1466,#1096,#2678,.T.);
#2678 = LINE('',#2679,#2680);
#2679 = CARTESIAN_POINT('',(30.,85.,0.));
#2680 = VECTOR('',#2681,1.);
#2681 = DIRECTION('',(0.,-1.,0.));
#2682 = ORIENTED_EDGE('',*,*,#2683,.F.);
#2683 = EDGE_CURVE('',#1439,#1466,#2684,.T.);
#2684 = LINE('',#2685,#2686);
#2685 = CARTESIAN_POINT('',(-30.,85.,0.));
#2686 = VECTOR('',#2687,1.);
#2687 = DIRECTION('',(1.,0.,0.));
#2688 = ORIENTED_EDGE('',*,*,#2413,.F.);
#2689 = PLANE('',#2690);
#2690 = AXIS2_PLACEMENT_3D('',#2691,#2692,#2693);
#2691 = CARTESIAN_POINT('',(0.,4.21E-15,0.));
#2692 = DIRECTION('',(0.,0.,1.));
#2693 = DIRECTION('',(1.,0.,0.));
#2694 = ADVANCED_FACE('',(#2695),#2706,.T.);
#2695 = FACE_BOUND('',#2696,.T.);
#2696 = EDGE_LOOP('',(#2697,#2703,#2704,#2705));
#2697 = ORIENTED_EDGE('',*,*,#2698,.T.);
#2698 = EDGE_CURVE('',#1416,#2430,#2699,.T.);
#2699 = LINE('',#2700,#2701);
#2700 = CARTESIAN_POINT('',(-30.,85.,45.));
#2701 = VECTOR('',#2702,1.);
#2702 = DIRECTION('',(1.,0.,0.));
#2703 = ORIENTED_EDGE('',*,*,#2453,.T.);
#2704 = ORIENTED_EDGE('',*,*,#2477,.T.);
#2705 = ORIENTED_EDGE('',*,*,#2501,.T.);
#2706 = PLANE('',#2707);
#2707 = AXIS2_PLACEMENT_3D('',#2708,#2709,#2710);
#2708 = CARTESIAN_POINT('',(0.38961038961,20.324675324675,45.));
#2709 = DIRECTION('',(0.,0.,1.));
#2710 = DIRECTION('',(1.,0.,0.));
#2711 = ADVANCED_FACE('',(#2712),#2718,.F.);
#2712 = FACE_BOUND('',#2713,.F.);
#2713 = EDGE_LOOP('',(#2714,#2715,#2716,#2717));
#2714 = ORIENTED_EDGE('',*,*,#2437,.T.);
#2715 = ORIENTED_EDGE('',*,*,#2546,.T.);
#2716 = ORIENTED_EDGE('',*,*,#1869,.F.);
#2717 = ORIENTED_EDGE('',*,*,#2677,.F.);
#2718 = PLANE('',#2719);
#2719 = AXIS2_PLACEMENT_3D('',#2720,#2721,#2722);
#2720 = CARTESIAN_POINT('',(30.,85.,0.));
#2721 = DIRECTION('',(1.,0.,0.));
#2722 = DIRECTION('',(0.,-1.,0.));
#2723 = ADVANCED_FACE('',(#2724),#2730,.F.);
#2724 = FACE_BOUND('',#2725,.F.);
#2725 = EDGE_LOOP('',(#2726,#2727,#2728,#2729));
#2726 = ORIENTED_EDGE('',*,*,#1869,.T.);
#2727 = ORIENTED_EDGE('',*,*,#2561,.T.);
#2728 = ORIENTED_EDGE('',*,*,#1399,.F.);
#2729 = ORIENTED_EDGE('',*,*,#2671,.F.);
#2730 = PLANE('',#2731);
#2731 = AXIS2_PLACEMENT_3D('',#2732,#2733,#2734);
#2732 = CARTESIAN_POINT('',(30.,35.,0.));
#2733 = DIRECTION('',(0.,-1.,0.));
#2734 = DIRECTION('',(-1.,0.,0.));
#2735 = ADVANCED_FACE('',(#2736),#2742,.F.);
#2736 = FACE_BOUND('',#2737,.F.);
#2737 = EDGE_LOOP('',(#2738,#2739,#2740,#2741));
#2738 = ORIENTED_EDGE('',*,*,#1438,.T.);
#2739 = ORIENTED_EDGE('',*,*,#2698,.T.);
#2740 = ORIENTED_EDGE('',*,*,#2437,.F.);
#2741 = ORIENTED_EDGE('',*,*,#2683,.F.);
#2742 = PLANE('',#2743);
#2743 = AXIS2_PLACEMENT_3D('',#2744,#2745,#2746);
#2744 = CARTESIAN_POINT('',(-30.,85.,0.));
#2745 = DIRECTION('',(0.,1.,0.));
#2746 = DIRECTION('',(1.,0.,0.));
#2747 = ( GEOMETRIC_REPRESENTATION_CONTEXT(3) 
GLOBAL_UNCERTAINTY_ASSIGNED_CONTEXT((#2751)) 
GLOBAL_UNIT_ASSIGNED_CONTEXT((#2748,#2749,#2750)) REPRESENTATION_CONTEXT
('Context #1','3D Context with UNIT and UNCERTAINTY') );
#2748 = ( LENGTH_UNIT() NAMED_UNIT(*) SI_UNIT(.MILLI.,.METRE.) );
#2749 = ( NAMED_UNIT(*) PLANE_ANGLE_UNIT() SI_UNIT($,.RADIAN.) );
#2750 = ( NAMED_UNIT(*) SI_UNIT($,.STERADIAN.) SOLID_ANGLE_UNIT() );
#2751 = UNCERTAINTY_MEASURE_WITH_UNIT(LENGTH_MEASURE(1.E-05),#2748,
  'distance_accuracy_value','confusion accuracy');
#2752 = PRODUCT_RELATED_PRODUCT_CATEGORY('part',$,(#7));
#2753 = MECHANICAL_DESIGN_GEOMETRIC_PRESENTATION_REPRESENTATION('',(
    #2754),#2747);
#2754 = STYLED_ITEM('color',(#2755),#15);
#2755 = PRESENTATION_STYLE_ASSIGNMENT((#2756,#2762));
#2756 = SURFACE_STYLE_USAGE(.BOTH.,#2757);
#2757 = SURFACE_SIDE_STYLE('',(#2758));
#2758 = SURFACE_STYLE_FILL_AREA(#2759);
#2759 = FILL_AREA_STYLE('',(#2760));
#2760 = FILL_AREA_STYLE_COLOUR('',#2761);
#2761 = COLOUR_RGB('',0.447058818107,0.474509808674,0.501960817233);
#2762 = CURVE_STYLE('',#2763,POSITIVE_LENGTH_MEASURE(0.1),#2764);
#2763 = DRAUGHTING_PRE_DEFINED_CURVE_FONT('continuous');
#2764 = COLOUR_RGB('',9.803921802644E-02,9.803921802644E-02,
  9.803921802644E-02);
ENDSEC;
END-ISO-10303-21;
